--ALTERANDO FORMATO DATA
alter session set nls_date_format = 'DD-MM-YYYY HH24:MI:SS';

--INSERINDO DADOS TABELA ESTADO

INSERT INTO T_AM_PO_ESTADO(cd_estado,nm_estado,sg_estado) values (SQ_AM_PO_ESTADO.nextval,'Amazononas','AM');
INSERT INTO T_AM_PO_ESTADO(cd_estado,nm_estado,sg_estado) values (SQ_AM_PO_ESTADO.nextval,'Pará','PA');
INSERT INTO T_AM_PO_ESTADO(cd_estado,nm_estado,sg_estado) values (SQ_AM_PO_ESTADO.nextval,'Mato Grosso','MG');
INSERT INTO T_AM_PO_ESTADO(cd_estado,nm_estado,sg_estado) values (SQ_AM_PO_ESTADO.nextval,'Minas Gerais','MI');
INSERT INTO T_AM_PO_ESTADO(cd_estado,nm_estado,sg_estado) values (SQ_AM_PO_ESTADO.nextval,'Bahia','BA');
INSERT INTO T_AM_PO_ESTADO(cd_estado,nm_estado,sg_estado) values (SQ_AM_PO_ESTADO.nextval,'Mato Grosso do Sul','MS');
INSERT INTO T_AM_PO_ESTADO(cd_estado,nm_estado,sg_estado) values (SQ_AM_PO_ESTADO.nextval,'Goias','GO');
INSERT INTO T_AM_PO_ESTADO(cd_estado,nm_estado,sg_estado) values (SQ_AM_PO_ESTADO.nextval,'Maranhão','MA');
INSERT INTO T_AM_PO_ESTADO(cd_estado,nm_estado,sg_estado) values (SQ_AM_PO_ESTADO.nextval,'Rio Grande do Sul','RS');
INSERT INTO T_AM_PO_ESTADO(cd_estado,nm_estado,sg_estado) values (SQ_AM_PO_ESTADO.nextval,'Tocantins','TO');
INSERT INTO T_AM_PO_ESTADO(cd_estado,nm_estado,sg_estado) values (SQ_AM_PO_ESTADO.nextval,'Piauí','PI');
INSERT INTO T_AM_PO_ESTADO(cd_estado,nm_estado,sg_estado) values (SQ_AM_PO_ESTADO.nextval,'São Paulo','SP');
INSERT INTO T_AM_PO_ESTADO(cd_estado,nm_estado,sg_estado) values (SQ_AM_PO_ESTADO.nextval,'Rondônia','RO');
INSERT INTO T_AM_PO_ESTADO(cd_estado,nm_estado,sg_estado) values (SQ_AM_PO_ESTADO.nextval,'Roraima','RR');
INSERT INTO T_AM_PO_ESTADO(cd_estado,nm_estado,sg_estado) values (SQ_AM_PO_ESTADO.nextval,'Paraná','PR');
INSERT INTO T_AM_PO_ESTADO(cd_estado,nm_estado,sg_estado) values (SQ_AM_PO_ESTADO.nextval,'Acre','AC');
INSERT INTO T_AM_PO_ESTADO(cd_estado,nm_estado,sg_estado) values (SQ_AM_PO_ESTADO.nextval,'Ceará','CE');
INSERT INTO T_AM_PO_ESTADO(cd_estado,nm_estado,sg_estado) values (SQ_AM_PO_ESTADO.nextval,'Amapá','AP');
INSERT INTO T_AM_PO_ESTADO(cd_estado,nm_estado,sg_estado) values (SQ_AM_PO_ESTADO.nextval,'Pernambuco','PE');
INSERT INTO T_AM_PO_ESTADO(cd_estado,nm_estado,sg_estado) values (SQ_AM_PO_ESTADO.nextval,'Santa Catarina','SC');
INSERT INTO T_AM_PO_ESTADO(cd_estado,nm_estado,sg_estado) values (SQ_AM_PO_ESTADO.nextval,'Paraíba','PB');
INSERT INTO T_AM_PO_ESTADO(cd_estado,nm_estado,sg_estado) values (SQ_AM_PO_ESTADO.nextval,'Rio Grande do Norte','RN');
INSERT INTO T_AM_PO_ESTADO(cd_estado,nm_estado,sg_estado) values (SQ_AM_PO_ESTADO.nextval,'Espirito Santos','ES');
INSERT INTO T_AM_PO_ESTADO(cd_estado,nm_estado,sg_estado) values (SQ_AM_PO_ESTADO.nextval,'Rio de Janeiro','RJ');
INSERT INTO T_AM_PO_ESTADO(cd_estado,nm_estado,sg_estado) values (SQ_AM_PO_ESTADO.nextval,'Alagoas','AL');
INSERT INTO T_AM_PO_ESTADO(cd_estado,nm_estado,sg_estado) values (SQ_AM_PO_ESTADO.nextval,'Sergipe','SE');

--INSERINDO DADOS NA TABELA CIDADE  

INSERT INTO T_AM_PO_CIDADE(cd_cidade,cd_estado,nm_cidade) values(SQ_AM_PO_CIDADE.nextval, 12,'São Paulo');
INSERT INTO T_AM_PO_CIDADE(cd_cidade,cd_estado,nm_cidade) values(SQ_AM_PO_CIDADE.nextval, 12,'Campinas');
INSERT INTO T_AM_PO_CIDADE(cd_cidade,cd_estado,nm_cidade) values(SQ_AM_PO_CIDADE.nextval, 12,'Santo André');
INSERT INTO T_AM_PO_CIDADE(cd_cidade,cd_estado,nm_cidade) values(SQ_AM_PO_CIDADE.nextval, 12,'São Bernardo');
INSERT INTO T_AM_PO_CIDADE(cd_cidade,cd_estado,nm_cidade) values(SQ_AM_PO_CIDADE.nextval, 12,'São Caetano');
INSERT INTO T_AM_PO_CIDADE(cd_cidade,cd_estado,nm_cidade) values(SQ_AM_PO_CIDADE.nextval, 24,'Rio de Janeiro');
INSERT INTO T_AM_PO_CIDADE(cd_cidade,cd_estado,nm_cidade) values(SQ_AM_PO_CIDADE.nextval, 24,'São Gonçalo');
INSERT INTO T_AM_PO_CIDADE(cd_cidade,cd_estado,nm_cidade) values(SQ_AM_PO_CIDADE.nextval, 24,'Duque de Caxias');
INSERT INTO T_AM_PO_CIDADE(cd_cidade,cd_estado,nm_cidade) values(SQ_AM_PO_CIDADE.nextval, 24,'Nova Iguaçu');
INSERT INTO T_AM_PO_CIDADE(cd_cidade,cd_estado,nm_cidade) values(SQ_AM_PO_CIDADE.nextval, 24,'Niterói');
INSERT INTO T_AM_PO_CIDADE(cd_cidade,cd_estado,nm_cidade) values(SQ_AM_PO_CIDADE.nextval, 4,'Belo Horizonte');
INSERT INTO T_AM_PO_CIDADE(cd_cidade,cd_estado,nm_cidade) values(SQ_AM_PO_CIDADE.nextval, 4,'Uberlândia');
INSERT INTO T_AM_PO_CIDADE(cd_cidade,cd_estado,nm_cidade) values(SQ_AM_PO_CIDADE.nextval, 4,'Contagem');
INSERT INTO T_AM_PO_CIDADE(cd_cidade,cd_estado,nm_cidade) values(SQ_AM_PO_CIDADE.nextval, 4,'Juiz de Fora');
INSERT INTO T_AM_PO_CIDADE(cd_cidade,cd_estado,nm_cidade) values(SQ_AM_PO_CIDADE.nextval, 4,'Betim');


--INSERINDO DADOS NA TABELA BAIRRO

INSERT INTO T_AM_PO_BAIRRO(cd_bairro,cd_cidade,nm_bairro) values(SQ_AM_PO_BAIRRO.nextval,1,'Mooca');
INSERT INTO T_AM_PO_BAIRRO(cd_bairro,cd_cidade,nm_bairro) values(SQ_AM_PO_BAIRRO.nextval,1,'Aclimação');
INSERT INTO T_AM_PO_BAIRRO(cd_bairro,cd_cidade,nm_bairro) values(SQ_AM_PO_BAIRRO.nextval,1,'Cambuci');
INSERT INTO T_AM_PO_BAIRRO(cd_bairro,cd_cidade,nm_bairro) values(SQ_AM_PO_BAIRRO.nextval,1,'Tatuapé');
INSERT INTO T_AM_PO_BAIRRO(cd_bairro,cd_cidade,nm_bairro) values(SQ_AM_PO_BAIRRO.nextval,1,'Ipiranga');
INSERT INTO T_AM_PO_BAIRRO(cd_bairro,cd_cidade,nm_bairro) values(SQ_AM_PO_BAIRRO.nextval,6,'Centro');
INSERT INTO T_AM_PO_BAIRRO(cd_bairro,cd_cidade,nm_bairro) values(SQ_AM_PO_BAIRRO.nextval,6,'Copacabana');
INSERT INTO T_AM_PO_BAIRRO(cd_bairro,cd_cidade,nm_bairro) values(SQ_AM_PO_BAIRRO.nextval,6,'Ipanema');
INSERT INTO T_AM_PO_BAIRRO(cd_bairro,cd_cidade,nm_bairro) values(SQ_AM_PO_BAIRRO.nextval,6,'Tijuca');
INSERT INTO T_AM_PO_BAIRRO(cd_bairro,cd_cidade,nm_bairro) values(SQ_AM_PO_BAIRRO.nextval,6,'Bangu');
INSERT INTO T_AM_PO_BAIRRO(cd_bairro,cd_cidade,nm_bairro) values(SQ_AM_PO_BAIRRO.nextval,11,'Santa Rita');
INSERT INTO T_AM_PO_BAIRRO(cd_bairro,cd_cidade,nm_bairro) values(SQ_AM_PO_BAIRRO.nextval,11,'Olaria');
INSERT INTO T_AM_PO_BAIRRO(cd_bairro,cd_cidade,nm_bairro) values(SQ_AM_PO_BAIRRO.nextval,11,'Solar');
INSERT INTO T_AM_PO_BAIRRO(cd_bairro,cd_cidade,nm_bairro) values(SQ_AM_PO_BAIRRO.nextval,11,'Tirol');
INSERT INTO T_AM_PO_BAIRRO(cd_bairro,cd_cidade,nm_bairro) values(SQ_AM_PO_BAIRRO.nextval,11,'Vila Pinho');


--INSERINDO DADOS NA TABELA TIPO LOGRADOURO

INSERT INTO T_AM_PO_TIPO_LOG(cd_tipo_log,ds_tipo_log) values(SQ_AM_PO_TIPO_LOG.nextval,'Alameda');
INSERT INTO T_AM_PO_TIPO_LOG(cd_tipo_log,ds_tipo_log) values(SQ_AM_PO_TIPO_LOG.nextval,'Avenida');
INSERT INTO T_AM_PO_TIPO_LOG(cd_tipo_log,ds_tipo_log) values(SQ_AM_PO_TIPO_LOG.nextval,'Praça');
INSERT INTO T_AM_PO_TIPO_LOG(cd_tipo_log,ds_tipo_log) values(SQ_AM_PO_TIPO_LOG.nextval,'Rua');
INSERT INTO T_AM_PO_TIPO_LOG(cd_tipo_log,ds_tipo_log) values(SQ_AM_PO_TIPO_LOG.nextval,'Travessa');

-- INSERINDO DADOS DA TABELA LOGRADOURO
-- ENDEREÇOS SÃO PAULO
INSERT INTO T_AM_PO_LOGRADOURO(NR_CEP, CD_BAIRRO, CD_TIPO_LOG, DS_LOGRADOURO) VALUES (3115001, 1, 2, 'PAES DE BARROS');
INSERT INTO T_AM_PO_LOGRADOURO(NR_CEP, CD_BAIRRO, CD_TIPO_LOG, DS_LOGRADOURO) VALUES (3166100, 1, 4, 'TAQUARI');
INSERT INTO T_AM_PO_LOGRADOURO(NR_CEP, CD_BAIRRO, CD_TIPO_LOG, DS_LOGRADOURO) VALUES (1538001, 2, 2, 'LINS DE VASCONCELOS');
INSERT INTO T_AM_PO_LOGRADOURO(NR_CEP, CD_BAIRRO, CD_TIPO_LOG, DS_LOGRADOURO) VALUES (01544001, 2, 1, 'BASILIO DA CUNHA');
INSERT INTO T_AM_PO_LOGRADOURO(NR_CEP, CD_BAIRRO, CD_TIPO_LOG, DS_LOGRADOURO) VALUES (4182020, 5, 4, 'NAZARE');
INSERT INTO T_AM_PO_LOGRADOURO(NR_CEP, CD_BAIRRO, CD_TIPO_LOG, DS_LOGRADOURO) VALUES (03118000, 1, 4, 'PADRE RAPOSO');
INSERT INTO T_AM_PO_LOGRADOURO(NR_CEP, CD_BAIRRO, CD_TIPO_LOG, DS_LOGRADOURO) VALUES (03124080, 1, 4, 'LITIO');
INSERT INTO T_AM_PO_LOGRADOURO(NR_CEP, CD_BAIRRO, CD_TIPO_LOG, DS_LOGRADOURO) VALUES (01531000, 2, 2, 'DA ACLIMAÇÃO');
INSERT INTO T_AM_PO_LOGRADOURO(NR_CEP, CD_BAIRRO, CD_TIPO_LOG, DS_LOGRADOURO) VALUES (01531010, 2, 4, 'ALABASTRO');
INSERT INTO T_AM_PO_LOGRADOURO(NR_CEP, CD_BAIRRO, CD_TIPO_LOG, DS_LOGRADOURO) VALUES (01531002, 2, 4, 'SAFIRA');
INSERT INTO T_AM_PO_LOGRADOURO(NR_CEP, CD_BAIRRO, CD_TIPO_LOG, DS_LOGRADOURO) VALUES (01531004, 2, 4, 'ESMERALDA');
INSERT INTO T_AM_PO_LOGRADOURO(NR_CEP, CD_BAIRRO, CD_TIPO_LOG, DS_LOGRADOURO) VALUES (31150024, 2, 4, 'RUBI');
INSERT INTO T_AM_PO_LOGRADOURO(NR_CEP, CD_BAIRRO, CD_TIPO_LOG, DS_LOGRADOURO) VALUES (01530080, 6, 2, 'SAO JOAO');
INSERT INTO T_AM_PO_LOGRADOURO(NR_CEP, CD_BAIRRO, CD_TIPO_LOG, DS_LOGRADOURO) VALUES (01107000, 5, 2, 'DO ESTADO');
INSERT INTO T_AM_PO_LOGRADOURO(NR_CEP, CD_BAIRRO, CD_TIPO_LOG, DS_LOGRADOURO) VALUES (01530012, 4, 2, 'AIRTON PETRINI');


-- ENDEREÇOS RIO DE JANEIRO
INSERT INTO T_AM_PO_LOGRADOURO(NR_CEP, CD_BAIRRO, CD_TIPO_LOG, DS_LOGRADOURO) VALUES (20090060, 7, 3, 'MAUA');
INSERT INTO T_AM_PO_LOGRADOURO(NR_CEP, CD_BAIRRO, CD_TIPO_LOG, DS_LOGRADOURO) VALUES (20090003, 7, 2, 'RIO BRANCO');
INSERT INTO T_AM_PO_LOGRADOURO(NR_CEP, CD_BAIRRO, CD_TIPO_LOG, DS_LOGRADOURO) VALUES (22021001, 8, 2, 'ATLANTICA');
INSERT INTO T_AM_PO_LOGRADOURO(NR_CEP, CD_BAIRRO, CD_TIPO_LOG, DS_LOGRADOURO) VALUES (22021000, 8, 2, 'VOLUNTARIO DA PATRIA');
INSERT INTO T_AM_PO_LOGRADOURO(NR_CEP, CD_BAIRRO, CD_TIPO_LOG, DS_LOGRADOURO) VALUES (23520-105, 9, 4, 'VIEIRA SOUZA');
INSERT INTO T_AM_PO_LOGRADOURO(NR_CEP, CD_BAIRRO, CD_TIPO_LOG, DS_LOGRADOURO) VALUES (22421025, 9, 4, 'NASCIMENTO SILVA');
INSERT INTO T_AM_PO_LOGRADOURO(NR_CEP, CD_BAIRRO, CD_TIPO_LOG, DS_LOGRADOURO) VALUES (23035005, 9, 2, 'PRUDENTE DE MORARES');
INSERT INTO T_AM_PO_LOGRADOURO(NR_CEP, CD_BAIRRO, CD_TIPO_LOG, DS_LOGRADOURO) VALUES (20550144, 10, 2, 'MARACANA');
INSERT INTO T_AM_PO_LOGRADOURO(NR_CEP, CD_BAIRRO, CD_TIPO_LOG, DS_LOGRADOURO) VALUES (21830060, 11, 4, 'MINUANOS');
INSERT INTO T_AM_PO_LOGRADOURO(NR_CEP, CD_BAIRRO, CD_TIPO_LOG, DS_LOGRADOURO) VALUES (21830180, 11, 4, 'AMOR PERFEITO');


--INSERINDO DADOS NA TABELA TIPO FONE

INSERT INTO T_AM_PO_TIPO_FONE(CD_TIPO_FONE,DS_TIPO_FONE) values (SQ_AM_PO_TIPO_FONE.nextval,'Comercial');
INSERT INTO T_AM_PO_TIPO_FONE(CD_TIPO_FONE,DS_TIPO_FONE) values (SQ_AM_PO_TIPO_FONE.nextval,'Residencial');
INSERT INTO T_AM_PO_TIPO_FONE(CD_TIPO_FONE,DS_TIPO_FONE) values (SQ_AM_PO_TIPO_FONE.nextval,'Celular');
INSERT INTO T_AM_PO_TIPO_FONE(CD_TIPO_FONE,DS_TIPO_FONE) values (SQ_AM_PO_TIPO_FONE.nextval,'Recados');

--INSERINDO DADOS NA TABELA TELEFONE

INSERT INTO T_AM_PO_TELEFONE(CD_FONE,CD_TIPO_FONE,NR_DDD,NR_FONE) VALUES(SQ_AM_PO_TELEFONE.nextval,1,'11','22222222');
INSERT INTO T_AM_PO_TELEFONE(CD_FONE,CD_TIPO_FONE,NR_DDD,NR_FONE) VALUES(SQ_AM_PO_TELEFONE.nextval,2,'11','33333333');
INSERT INTO T_AM_PO_TELEFONE(CD_FONE,CD_TIPO_FONE,NR_DDD,NR_FONE) VALUES(SQ_AM_PO_TELEFONE.nextval,3,'11','44444444');
INSERT INTO T_AM_PO_TELEFONE(CD_FONE,CD_TIPO_FONE,NR_DDD,NR_FONE) VALUES(SQ_AM_PO_TELEFONE.nextval,4,'11','55555555');
INSERT INTO T_AM_PO_TELEFONE(CD_FONE,CD_TIPO_FONE,NR_DDD,NR_FONE) VALUES(SQ_AM_PO_TELEFONE.nextval,1,'11','66666666');
INSERT INTO T_AM_PO_TELEFONE(CD_FONE,CD_TIPO_FONE,NR_DDD,NR_FONE) VALUES(SQ_AM_PO_TELEFONE.nextval,2,'11','77777777');
INSERT INTO T_AM_PO_TELEFONE(CD_FONE,CD_TIPO_FONE,NR_DDD,NR_FONE) VALUES(SQ_AM_PO_TELEFONE.nextval,3,'11','88888888');
INSERT INTO T_AM_PO_TELEFONE(CD_FONE,CD_TIPO_FONE,NR_DDD,NR_FONE) VALUES(SQ_AM_PO_TELEFONE.nextval,4,'11','99999999');
INSERT INTO T_AM_PO_TELEFONE(CD_FONE,CD_TIPO_FONE,NR_DDD,NR_FONE) VALUES(SQ_AM_PO_TELEFONE.nextval,1,'11','10101010');
INSERT INTO T_AM_PO_TELEFONE(CD_FONE,CD_TIPO_FONE,NR_DDD,NR_FONE) VALUES(SQ_AM_PO_TELEFONE.nextval,2,'11','11111111');
INSERT INTO T_AM_PO_TELEFONE(CD_FONE,CD_TIPO_FONE,NR_DDD,NR_FONE) VALUES(SQ_AM_PO_TELEFONE.nextval,3,'11','12121212');

--INSERINDO DADOS NA TABELA PESSOA

INSERT INTO T_AM_PO_PESSOA(CD_PESSOA,NM_PESSOA) VALUES(SQ_AM_PO_PESSOA.nextval,'Maria Flores');
INSERT INTO T_AM_PO_PESSOA(CD_PESSOA,NM_PESSOA) VALUES(SQ_AM_PO_PESSOA.nextval,'João Rosa');
INSERT INTO T_AM_PO_PESSOA(CD_PESSOA,NM_PESSOA) VALUES(SQ_AM_PO_PESSOA.nextval,'Gusmão Arruda');
INSERT INTO T_AM_PO_PESSOA(CD_PESSOA,NM_PESSOA) VALUES(SQ_AM_PO_PESSOA.nextval,'Erick Camargo');
INSERT INTO T_AM_PO_PESSOA(CD_PESSOA,NM_PESSOA) VALUES(SQ_AM_PO_PESSOA.nextval,'Patricia Campos');

INSERT INTO T_AM_PO_PESSOA(CD_PESSOA,NM_PESSOA) VALUES(SQ_AM_PO_PESSOA.nextval,'XPTO Magazine');
INSERT INTO T_AM_PO_PESSOA(CD_PESSOA,NM_PESSOA) VALUES(SQ_AM_PO_PESSOA.nextval,'XPTO SuperMercados');
INSERT INTO T_AM_PO_PESSOA(CD_PESSOA,NM_PESSOA) VALUES(SQ_AM_PO_PESSOA.nextval,'XPTO Eletronicos');
INSERT INTO T_AM_PO_PESSOA(CD_PESSOA,NM_PESSOA) VALUES(SQ_AM_PO_PESSOA.nextval,'XPTO Perfumaria');
INSERT INTO T_AM_PO_PESSOA(CD_PESSOA,NM_PESSOA) VALUES(SQ_AM_PO_PESSOA.nextval,'XPTO Moveis');

INSERT INTO T_AM_PO_PESSOA(CD_PESSOA,NM_PESSOA) VALUES(SQ_AM_PO_PESSOA.nextval,'Fórum João Mendes');
INSERT INTO T_AM_PO_PESSOA(CD_PESSOA,NM_PESSOA) VALUES(SQ_AM_PO_PESSOA.nextval,'Fórum do Tatuapé');
INSERT INTO T_AM_PO_PESSOA(CD_PESSOA,NM_PESSOA) VALUES(SQ_AM_PO_PESSOA.nextval,'Fórum Ipiranga');
INSERT INTO T_AM_PO_PESSOA(CD_PESSOA,NM_PESSOA) VALUES(SQ_AM_PO_PESSOA.nextval,'Fórum Ministro Guimaraes');
INSERT INTO T_AM_PO_PESSOA(CD_PESSOA,NM_PESSOA) VALUES(SQ_AM_PO_PESSOA.nextval,'Fórum de Santana');

--INSERINDO DADOS NA TABELA PESSOA ENDE

INSERT INTO T_AM_PO_PESSOA_ENDE(CD_PESSOA_ENDE,NR_CEP,CD_PESSOA,NR_ENDERECO,DS_COMPLEMENTO) VALUES(SQ_AM_PO_PESSOA_ENDE.nextval,1538001,1,1222,null);
INSERT INTO T_AM_PO_PESSOA_ENDE(CD_PESSOA_ENDE,NR_CEP,CD_PESSOA,NR_ENDERECO,DS_COMPLEMENTO) VALUES(SQ_AM_PO_PESSOA_ENDE.nextval,1538001,2,1222,null);
INSERT INTO T_AM_PO_PESSOA_ENDE(CD_PESSOA_ENDE,NR_CEP,CD_PESSOA,NR_ENDERECO,DS_COMPLEMENTO) VALUES(SQ_AM_PO_PESSOA_ENDE.nextval,3115001,3,300,'Fundos');
INSERT INTO T_AM_PO_PESSOA_ENDE(CD_PESSOA_ENDE,NR_CEP,CD_PESSOA,NR_ENDERECO,DS_COMPLEMENTO) VALUES(SQ_AM_PO_PESSOA_ENDE.nextval,4182020,4,456,null);
INSERT INTO T_AM_PO_PESSOA_ENDE(CD_PESSOA_ENDE,NR_CEP,CD_PESSOA,NR_ENDERECO,DS_COMPLEMENTO) VALUES(SQ_AM_PO_PESSOA_ENDE.nextval,4182020,4,456,null);
INSERT INTO T_AM_PO_PESSOA_ENDE(CD_PESSOA_ENDE,NR_CEP,CD_PESSOA,NR_ENDERECO,DS_COMPLEMENTO) VALUES(SQ_AM_PO_PESSOA_ENDE.nextval,4182020,5,456,null);
--CLIENTE 2 ENDERECOS
INSERT INTO T_AM_PO_PESSOA_ENDE(CD_PESSOA_ENDE,NR_CEP,CD_PESSOA,NR_ENDERECO,DS_COMPLEMENTO) VALUES(SQ_AM_PO_PESSOA_ENDE.nextval,4182020,5,7231,'B');
INSERT INTO T_AM_PO_PESSOA_ENDE(CD_PESSOA_ENDE,NR_CEP,CD_PESSOA,NR_ENDERECO,DS_COMPLEMENTO) VALUES(SQ_AM_PO_PESSOA_ENDE.nextval,4182020,6,456,null);
INSERT INTO T_AM_PO_PESSOA_ENDE(CD_PESSOA_ENDE,NR_CEP,CD_PESSOA,NR_ENDERECO,DS_COMPLEMENTO) VALUES(SQ_AM_PO_PESSOA_ENDE.nextval,3166100,7,600,null);
INSERT INTO T_AM_PO_PESSOA_ENDE(CD_PESSOA_ENDE,NR_CEP,CD_PESSOA,NR_ENDERECO,DS_COMPLEMENTO) VALUES(SQ_AM_PO_PESSOA_ENDE.nextval,1538001,8,120,null);
INSERT INTO T_AM_PO_PESSOA_ENDE(CD_PESSOA_ENDE,NR_CEP,CD_PESSOA,NR_ENDERECO,DS_COMPLEMENTO) VALUES(SQ_AM_PO_PESSOA_ENDE.nextval,3115001,9,1450,null);
INSERT INTO T_AM_PO_PESSOA_ENDE(CD_PESSOA_ENDE,NR_CEP,CD_PESSOA,NR_ENDERECO,DS_COMPLEMENTO) VALUES(SQ_AM_PO_PESSOA_ENDE.nextval,3115001,10,1450,null);
INSERT INTO T_AM_PO_PESSOA_ENDE(CD_PESSOA_ENDE,NR_CEP,CD_PESSOA,NR_ENDERECO,DS_COMPLEMENTO) VALUES(SQ_AM_PO_PESSOA_ENDE.nextval,3115001,11,1450,null);
INSERT INTO T_AM_PO_PESSOA_ENDE(CD_PESSOA_ENDE,NR_CEP,CD_PESSOA,NR_ENDERECO,DS_COMPLEMENTO) VALUES(SQ_AM_PO_PESSOA_ENDE.nextval,3115001,12,1450,null);
INSERT INTO T_AM_PO_PESSOA_ENDE(CD_PESSOA_ENDE,NR_CEP,CD_PESSOA,NR_ENDERECO,DS_COMPLEMENTO) VALUES(SQ_AM_PO_PESSOA_ENDE.nextval,3115001,13,1450,null);
INSERT INTO T_AM_PO_PESSOA_ENDE(CD_PESSOA_ENDE,NR_CEP,CD_PESSOA,NR_ENDERECO,DS_COMPLEMENTO) VALUES(SQ_AM_PO_PESSOA_ENDE.nextval,3115001,14,1450,null);
INSERT INTO T_AM_PO_PESSOA_ENDE(CD_PESSOA_ENDE,NR_CEP,CD_PESSOA,NR_ENDERECO,DS_COMPLEMENTO) VALUES(SQ_AM_PO_PESSOA_ENDE.nextval,3115001,15,1450,null);


--INSERINDO DADOS NA TABELA FONE PESSOA
INSERT INTO T_AM_PO_FONE_PESSOA(CD_PESSOA,CD_FONE,NR_RAMAL) VALUES(1,1,1234);
INSERT INTO T_AM_PO_FONE_PESSOA(CD_PESSOA,CD_FONE,NR_RAMAL) VALUES(1,2,null);
INSERT INTO T_AM_PO_FONE_PESSOA(CD_PESSOA,CD_FONE,NR_RAMAL) VALUES(1,3,null);
INSERT INTO T_AM_PO_FONE_PESSOA(CD_PESSOA,CD_FONE,NR_RAMAL) VALUES(2,4,1212);
INSERT INTO T_AM_PO_FONE_PESSOA(CD_PESSOA,CD_FONE,NR_RAMAL) VALUES(3,5,null);
INSERT INTO T_AM_PO_FONE_PESSOA(CD_PESSOA,CD_FONE,NR_RAMAL) VALUES(4,6,null);
INSERT INTO T_AM_PO_FONE_PESSOA(CD_PESSOA,CD_FONE,NR_RAMAL) VALUES(5,7,null);
INSERT INTO T_AM_PO_FONE_PESSOA(CD_PESSOA,CD_FONE,NR_RAMAL) VALUES(6,8,null);
INSERT INTO T_AM_PO_FONE_PESSOA(CD_PESSOA,CD_FONE,NR_RAMAL) VALUES(7,9,1456);
INSERT INTO T_AM_PO_FONE_PESSOA(CD_PESSOA,CD_FONE,NR_RAMAL) VALUES(8,10,null);
INSERT INTO T_AM_PO_FONE_PESSOA(CD_PESSOA,CD_FONE,NR_RAMAL) VALUES(9,8,null);
INSERT INTO T_AM_PO_FONE_PESSOA(CD_PESSOA,CD_FONE,NR_RAMAL) VALUES(10,6,null);
INSERT INTO T_AM_PO_FONE_PESSOA(CD_PESSOA,CD_FONE,NR_RAMAL) VALUES(11,4,null);
INSERT INTO T_AM_PO_FONE_PESSOA(CD_PESSOA,CD_FONE,NR_RAMAL) VALUES(12,1,null);
INSERT INTO T_AM_PO_FONE_PESSOA(CD_PESSOA,CD_FONE,NR_RAMAL) VALUES(13,2,null);
INSERT INTO T_AM_PO_FONE_PESSOA(CD_PESSOA,CD_FONE,NR_RAMAL) VALUES(14,7,null);

-- INSERINDO ADVOGADOS
INSERT INTO T_AM_PO_ADVOGADO VALUES (1,12345,12345678900,1234567890,'MARIA_FLORES@HOTMAIL.COM','123456');
INSERT INTO T_AM_PO_ADVOGADO VALUES (2,23456,34567890123,3456789887,'JOAO_ROSA@HOTMAIL.COM','123456');
INSERT INTO T_AM_PO_ADVOGADO VALUES (3,34567,56789012345,3245672233,'GUSMAO_ARRUDA@HOTMAIL.COM','123456');
INSERT INTO T_AM_PO_ADVOGADO VALUES (4,45678,35189919811,4437160550,'ERICK_CS@HOTMAIL.COM','123456');
INSERT INTO T_AM_PO_ADVOGADO VALUES (5,56789,25472341878,8712376541,'PATRICIA_CAMPOS@HOTMAIL.COM','123456');

-- INSERINDO CLIENTES
INSERT INTO T_AM_PO_CLIENTE VALUES (6,'XPTO MAGAZINE DO BRASIL LTDA.',123456789000101,12345434222,'XPTO_MAGAZINE@XPTOMAGAZINE.COM','123456');
INSERT INTO T_AM_PO_CLIENTE VALUES (7,'XPTO SUPERMERCADOS DO BRASIL LTDA.',123456789000102,12345434223,'XPTO_SUPERMERCADOS@XPTOMAGAZINE.COM','123456');
INSERT INTO T_AM_PO_CLIENTE VALUES (8,'XPTO ELETRONICOS DO BRASIL LTDA.',123456789000103,12345434224,'XPTO_ELETRONICOS@XPTOMAGAZINE.COM','123456');
INSERT INTO T_AM_PO_CLIENTE VALUES (9,'XPTO perfumaria DO BRASIL LTDA.',123456789000104,12345434225,'XPTO_PERFUMARIA@XPTOMAGAZINE.COM','123456');
INSERT INTO T_AM_PO_CLIENTE VALUES (10,'XPTO moveis DO BRASIL LTDA.',123456789000105,12345434226,'XPTO_MOVEIS@XPTOMAGAZINE.COM','123456');

-- INSERINDO FORUNS
INSERT INTO T_AM_PO_FORUM VALUES (11, 'JOÃO MENDES');
INSERT INTO T_AM_PO_FORUM VALUES (12, 'TATUAPÉ');
INSERT INTO T_AM_PO_FORUM VALUES (13, 'IPIRANGA');
INSERT INTO T_AM_PO_FORUM VALUES (14, 'IPIRANGA');
INSERT INTO T_AM_PO_FORUM VALUES (15, 'IPIRANGA');

-- HORA_ADVOGADO
INSERT INTO T_AM_PO_HORA_ADVOGADO VALUES (1,1,'01/01/2014',60.45);
INSERT INTO T_AM_PO_HORA_ADVOGADO VALUES (1,2,'01/02/2014',61.05);
INSERT INTO T_AM_PO_HORA_ADVOGADO VALUES (1,3,'01/03/2014',62.3);
INSERT INTO T_AM_PO_HORA_ADVOGADO VALUES (1,4,'01/04/2014',62.8);
INSERT INTO T_AM_PO_HORA_ADVOGADO VALUES (1,5,'01/05/2014',63.1);
INSERT INTO T_AM_PO_HORA_ADVOGADO VALUES (1,6,'01/06/2014',63.9);
INSERT INTO T_AM_PO_HORA_ADVOGADO VALUES (1,7,'01/07/2014',64);
INSERT INTO T_AM_PO_HORA_ADVOGADO VALUES (1,8,'01/08/2014',64.5);
INSERT INTO T_AM_PO_HORA_ADVOGADO VALUES (1,9,'01/09/2014',64.9);
INSERT INTO T_AM_PO_HORA_ADVOGADO VALUES (1,10,'01/10/2014',65);
INSERT INTO T_AM_PO_HORA_ADVOGADO VALUES (1,11,'01/11/2014',65.2);
INSERT INTO T_AM_PO_HORA_ADVOGADO VALUES (2,1,'01/01/2014',55);
INSERT INTO T_AM_PO_HORA_ADVOGADO VALUES (2,2,'01/02/2014',56.3);
INSERT INTO T_AM_PO_HORA_ADVOGADO VALUES (2,3,'01/03/2014',56.7);
INSERT INTO T_AM_PO_HORA_ADVOGADO VALUES (2,4,'01/04/2014',56.9);
INSERT INTO T_AM_PO_HORA_ADVOGADO VALUES (2,5,'01/05/2014',57);
INSERT INTO T_AM_PO_HORA_ADVOGADO VALUES (2,6,'01/06/2014',57.4);
INSERT INTO T_AM_PO_HORA_ADVOGADO VALUES (2,7,'01/07/2014',57.8);
INSERT INTO T_AM_PO_HORA_ADVOGADO VALUES (2,8,'01/08/2014',58.1);
INSERT INTO T_AM_PO_HORA_ADVOGADO VALUES (2,9,'01/09/2014',58.5);
INSERT INTO T_AM_PO_HORA_ADVOGADO VALUES (2,10,'01/10/2014',58.9);
INSERT INTO T_AM_PO_HORA_ADVOGADO VALUES (2,11,'01/11/2014',59.5);
INSERT INTO T_AM_PO_HORA_ADVOGADO VALUES (3,1,'01/01/2014',47.8);
INSERT INTO T_AM_PO_HORA_ADVOGADO VALUES (3,2,'01/02/2014',48.2);
INSERT INTO T_AM_PO_HORA_ADVOGADO VALUES (3,3,'01/03/2014',48.6);
INSERT INTO T_AM_PO_HORA_ADVOGADO VALUES (3,4,'01/04/2014',49.3);
INSERT INTO T_AM_PO_HORA_ADVOGADO VALUES (3,5,'01/05/2014',49.55);
INSERT INTO T_AM_PO_HORA_ADVOGADO VALUES (3,6,'01/06/2014',50);
INSERT INTO T_AM_PO_HORA_ADVOGADO VALUES (3,7,'01/07/2014',50.55);
INSERT INTO T_AM_PO_HORA_ADVOGADO VALUES (3,8,'01/08/2014',51);
INSERT INTO T_AM_PO_HORA_ADVOGADO VALUES (3,9,'01/09/2014',51.55);
INSERT INTO T_AM_PO_HORA_ADVOGADO VALUES (3,10,'01/10/2014',52);
INSERT INTO T_AM_PO_HORA_ADVOGADO VALUES (3,11,'01/11/2014',52.7);
INSERT INTO T_AM_PO_HORA_ADVOGADO VALUES (4,1,'01/01/2014',60);
INSERT INTO T_AM_PO_HORA_ADVOGADO VALUES (4,2,'01/02/2014',61);
INSERT INTO T_AM_PO_HORA_ADVOGADO VALUES (4,3,'01/03/2014',62);
INSERT INTO T_AM_PO_HORA_ADVOGADO VALUES (4,4,'01/04/2014',63);
INSERT INTO T_AM_PO_HORA_ADVOGADO VALUES (4,5,'01/05/2014',64);
INSERT INTO T_AM_PO_HORA_ADVOGADO VALUES (4,6,'01/06/2014',65);
INSERT INTO T_AM_PO_HORA_ADVOGADO VALUES (4,7,'01/07/2014',66);
INSERT INTO T_AM_PO_HORA_ADVOGADO VALUES (4,8,'01/08/2014',67);
INSERT INTO T_AM_PO_HORA_ADVOGADO VALUES (4,9,'01/09/2014',69);
INSERT INTO T_AM_PO_HORA_ADVOGADO VALUES (4,10,'01/10/2014',70);
INSERT INTO T_AM_PO_HORA_ADVOGADO VALUES (4,11,'01/11/2014',72);
INSERT INTO T_AM_PO_HORA_ADVOGADO VALUES (5,1,'01/01/2014',40.7);
INSERT INTO T_AM_PO_HORA_ADVOGADO VALUES (5,2,'01/02/2014',41.2);
INSERT INTO T_AM_PO_HORA_ADVOGADO VALUES (5,3,'01/03/2014',41.8);
INSERT INTO T_AM_PO_HORA_ADVOGADO VALUES (5,4,'01/04/2014',42.4);
INSERT INTO T_AM_PO_HORA_ADVOGADO VALUES (5,5,'01/05/2014',43);
INSERT INTO T_AM_PO_HORA_ADVOGADO VALUES (5,6,'01/06/2014',43.6);
INSERT INTO T_AM_PO_HORA_ADVOGADO VALUES (5,7,'01/07/2014',44.2);
INSERT INTO T_AM_PO_HORA_ADVOGADO VALUES (5,8,'01/08/2014',44.8);
INSERT INTO T_AM_PO_HORA_ADVOGADO VALUES (5,9,'01/09/2014',45.4);
INSERT INTO T_AM_PO_HORA_ADVOGADO VALUES (5,10,'01/10/2014',46);
INSERT INTO T_AM_PO_HORA_ADVOGADO VALUES (5,11,'01/11/2014',46.6);


--INSERINDO DADOS NA TABELA TIPO_CAUSA

INSERT INTO T_AM_PO_TIPO_CAUSA(CD_CAUSA, DS_CAUSA) VALUES (SQ_AM_PO_TIPO_CAUSA.nextval, 'COMERCIAL');
INSERT INTO T_AM_PO_TIPO_CAUSA(CD_CAUSA, DS_CAUSA) VALUES (SQ_AM_PO_TIPO_CAUSA.nextval, 'TRABALHISTA');
INSERT INTO T_AM_PO_TIPO_CAUSA(CD_CAUSA, DS_CAUSA) VALUES (SQ_AM_PO_TIPO_CAUSA.nextval, 'TRIBUTÁRIA');


-- INSERINDO ESPECIALIDADES
INSERT INTO T_AM_PO_ESPECIALIDADE VALUES (1,1);
INSERT INTO T_AM_PO_ESPECIALIDADE VALUES (1,2);
INSERT INTO T_AM_PO_ESPECIALIDADE VALUES (1,3);
INSERT INTO T_AM_PO_ESPECIALIDADE VALUES (2,1);
INSERT INTO T_AM_PO_ESPECIALIDADE VALUES (2,2);
INSERT INTO T_AM_PO_ESPECIALIDADE VALUES (2,3);
INSERT INTO T_AM_PO_ESPECIALIDADE VALUES (3,1);
INSERT INTO T_AM_PO_ESPECIALIDADE VALUES (3,2);
INSERT INTO T_AM_PO_ESPECIALIDADE VALUES (3,3);
INSERT INTO T_AM_PO_ESPECIALIDADE VALUES (4,1);
INSERT INTO T_AM_PO_ESPECIALIDADE VALUES (5,3);

-- INSERINDO DADOS NA TABELA TIPO_DESPESA

INSERT INTO T_AM_PO_TIPO_DESPESA(CD_TIPO_DESPESA, DS_TIPO_DESPESA) VALUES (SQ_AM_PO_TIPO_DESPESA.nextval, 'XEROX');
INSERT INTO T_AM_PO_TIPO_DESPESA(CD_TIPO_DESPESA, DS_TIPO_DESPESA) VALUES (SQ_AM_PO_TIPO_DESPESA.nextval, 'DECLARAÇÃO');
INSERT INTO T_AM_PO_TIPO_DESPESA(CD_TIPO_DESPESA, DS_TIPO_DESPESA) VALUES (SQ_AM_PO_TIPO_DESPESA.nextval, 'AUTENTICAÇÃO');
INSERT INTO T_AM_PO_TIPO_DESPESA(CD_TIPO_DESPESA, DS_TIPO_DESPESA) VALUES (SQ_AM_PO_TIPO_DESPESA.nextval, 'PASSAGEM AÉREA');
INSERT INTO T_AM_PO_TIPO_DESPESA(CD_TIPO_DESPESA, DS_TIPO_DESPESA) VALUES (SQ_AM_PO_TIPO_DESPESA.nextval, 'DIÁRIA DE VIAGEM');
INSERT INTO T_AM_PO_TIPO_DESPESA(CD_TIPO_DESPESA, DS_TIPO_DESPESA) VALUES (SQ_AM_PO_TIPO_DESPESA.nextval, 'OUTROS');

-- INSERINDO DADOS NA TABELA TIPO_TAREFA
INSERT INTO T_AM_PO_TIPO_TAREFA(CD_TIPO_TAREFA, DS_TIPO_TAREFA) VALUES(SQ_AM_PO_TIPO_TAREFA.nextval, 'REUNIÃO');
INSERT INTO T_AM_PO_TIPO_TAREFA(CD_TIPO_TAREFA, DS_TIPO_TAREFA) VALUES(SQ_AM_PO_TIPO_TAREFA.nextval, 'AUDIÊNCIA');
INSERT INTO T_AM_PO_TIPO_TAREFA(CD_TIPO_TAREFA, DS_TIPO_TAREFA) VALUES(SQ_AM_PO_TIPO_TAREFA.nextval, 'ESTUDO DO PROCESSO');
INSERT INTO T_AM_PO_TIPO_TAREFA(CD_TIPO_TAREFA, DS_TIPO_TAREFA) VALUES(SQ_AM_PO_TIPO_TAREFA.nextval, '0UTROS');

-- INSERINDO HISTORICO_TAXA
INSERT INTO T_AM_PO_HIST_TAXA_MORA VALUES (SQ_AM_PO_HIST_TAXA.nextval, '01/01/2014',7.8,1.9,0.9);
INSERT INTO T_AM_PO_HIST_TAXA_MORA VALUES (SQ_AM_PO_HIST_TAXA.nextval, '01/02/2014',8.1,1.95,0.95);
INSERT INTO T_AM_PO_HIST_TAXA_MORA VALUES (SQ_AM_PO_HIST_TAXA.nextval, '01/03/2014',8.3,1.98,0.98);
INSERT INTO T_AM_PO_HIST_TAXA_MORA VALUES (SQ_AM_PO_HIST_TAXA.nextval, '01/04/2014',8.9,2,1);
INSERT INTO T_AM_PO_HIST_TAXA_MORA VALUES (SQ_AM_PO_HIST_TAXA.nextval, '01/05/2014',9.2,2.5,1.1);
INSERT INTO T_AM_PO_HIST_TAXA_MORA VALUES (SQ_AM_PO_HIST_TAXA.nextval, '01/06/2014',9.7,1.5,1.2);
INSERT INTO T_AM_PO_HIST_TAXA_MORA VALUES (SQ_AM_PO_HIST_TAXA.nextval, '01/07/2014',10.3,1.7,1.3);
INSERT INTO T_AM_PO_HIST_TAXA_MORA VALUES (SQ_AM_PO_HIST_TAXA.nextval, '01/08/2014',11.5,1.8,1);
INSERT INTO T_AM_PO_HIST_TAXA_MORA VALUES (SQ_AM_PO_HIST_TAXA.nextval, '01/09/2014',11.8,2.4,0.98);
INSERT INTO T_AM_PO_HIST_TAXA_MORA VALUES (SQ_AM_PO_HIST_TAXA.nextval, '01/10/2014',12.2,2.1,0.95);
INSERT INTO T_AM_PO_HIST_TAXA_MORA VALUES (SQ_AM_PO_HIST_TAXA.nextval, '01/11/2014',13,2.2,0.93);

-- INSERINDO DADOS NA TABELA PROCESSO (   5 PROCESSOS PARA CADA CLIENTE     )
--NR_PROCESSO   ( SQ_AM_PO_PROCESSO.nextval  ) ,CD_CLIENTE,CD_ADVOGADO,CD_CAUSA,CD_FORUM,DS_PROCESSO,DT_ABERTURA,DT_FECHAMENTO,DT_DIA_VENCIMENTO,NR_RESULTADO,NR_SITUACAO,DS_OBSERVACAO
INSERT INTO T_AM_PO_PROCESSO VALUES (SQ_AM_PO_PROCESSO.nextval, 6,1,3,11,'PROCESSO COMERCIAL','01/01/2014',NULL,15,NULL,1,NULL);
INSERT INTO T_AM_PO_PROCESSO VALUES (SQ_AM_PO_PROCESSO.nextval, 6,2,2,12,'PROCESSO TRABALHISTA','05/02/2014',NULL,15,NULL,1,NULL);
INSERT INTO T_AM_PO_PROCESSO VALUES (SQ_AM_PO_PROCESSO.nextval, 6,3,1,13,'PROCESSO TRIBUTÁRIA','03/03/2014',NULL,15,NULL,1,NULL);
INSERT INTO T_AM_PO_PROCESSO VALUES (SQ_AM_PO_PROCESSO.nextval, 6,4,3,14,'PROCESSO COMERCIAL','13/04/2014',NULL,15,NULL,1,NULL);
INSERT INTO T_AM_PO_PROCESSO VALUES (SQ_AM_PO_PROCESSO.nextval, 6,5,2,15,'PROCESSO TRIBUTÁRIA','27/05/2014',NULL,15,NULL,1,NULL);

INSERT INTO T_AM_PO_PROCESSO VALUES (SQ_AM_PO_PROCESSO.nextval, 7,1,3,11,'PROCESSO COMERCIAL','01/01/2014',NULL,15,NULL,1,NULL);
INSERT INTO T_AM_PO_PROCESSO VALUES (SQ_AM_PO_PROCESSO.nextval, 7,2,2,12,'PROCESSO TRABALHISTA','05/02/2014',NULL,15,NULL,1,NULL);
INSERT INTO T_AM_PO_PROCESSO VALUES (SQ_AM_PO_PROCESSO.nextval, 7,3,1,13,'PROCESSO TRIBUTÁRIA','03/03/2014',NULL,15,NULL,1,NULL);
INSERT INTO T_AM_PO_PROCESSO VALUES (SQ_AM_PO_PROCESSO.nextval, 7,4,3,14,'PROCESSO COMERCIAL','13/04/2014',NULL,15,NULL,1,NULL);
INSERT INTO T_AM_PO_PROCESSO VALUES (SQ_AM_PO_PROCESSO.nextval, 7,5,2,15,'PROCESSO TRIBUTÁRIA','27/05/2014',NULL,15,NULL,1,NULL);

INSERT INTO T_AM_PO_PROCESSO VALUES (SQ_AM_PO_PROCESSO.nextval, 8,1,3,11,'PROCESSO COMERCIAL','01/01/2014',NULL,15,NULL,1,NULL);
INSERT INTO T_AM_PO_PROCESSO VALUES (SQ_AM_PO_PROCESSO.nextval, 8,2,2,12,'PROCESSO TRABALHISTA','05/02/2014',NULL,15,NULL,1,NULL);
INSERT INTO T_AM_PO_PROCESSO VALUES (SQ_AM_PO_PROCESSO.nextval, 8,3,1,13,'PROCESSO TRIBUTÁRIA','03/03/2014',NULL,15,NULL,1,NULL);
INSERT INTO T_AM_PO_PROCESSO VALUES (SQ_AM_PO_PROCESSO.nextval, 8,4,3,14,'PROCESSO COMERCIAL','13/04/2014',NULL,15,NULL,1,NULL);
INSERT INTO T_AM_PO_PROCESSO VALUES (SQ_AM_PO_PROCESSO.nextval, 8,5,2,15,'PROCESSO TRIBUTÁRIA','27/05/2014',NULL,15,NULL,1,NULL);

INSERT INTO T_AM_PO_PROCESSO VALUES (SQ_AM_PO_PROCESSO.nextval, 9,1,3,11,'PROCESSO COMERCIAL','01/01/2014',NULL,15,NULL,1,NULL);
INSERT INTO T_AM_PO_PROCESSO VALUES (SQ_AM_PO_PROCESSO.nextval, 9,2,2,12,'PROCESSO TRABALHISTA','05/02/2014',NULL,15,NULL,1,NULL);
INSERT INTO T_AM_PO_PROCESSO VALUES (SQ_AM_PO_PROCESSO.nextval, 9,3,1,13,'PROCESSO TRIBUTÁRIA','03/03/2014',NULL,15,NULL,1,NULL);
INSERT INTO T_AM_PO_PROCESSO VALUES (SQ_AM_PO_PROCESSO.nextval, 9,4,3,14,'PROCESSO COMERCIAL','13/04/2014',NULL,15,NULL,1,NULL);
INSERT INTO T_AM_PO_PROCESSO VALUES (SQ_AM_PO_PROCESSO.nextval, 9,5,2,15,'PROCESSO TRIBUTÁRIA','27/05/2014',NULL,15,NULL,1,NULL);

INSERT INTO T_AM_PO_PROCESSO VALUES (SQ_AM_PO_PROCESSO.nextval, 10,1,3,11,'PROCESSO COMERCIAL','01/01/2014',NULL,15,NULL,1,NULL);
INSERT INTO T_AM_PO_PROCESSO VALUES (SQ_AM_PO_PROCESSO.nextval, 10,2,2,12,'PROCESSO TRABALHISTA','05/02/2014',NULL,15,NULL,1,NULL);
INSERT INTO T_AM_PO_PROCESSO VALUES (SQ_AM_PO_PROCESSO.nextval, 10,3,1,13,'PROCESSO TRIBUTÁRIA','03/03/2014',NULL,15,NULL,1,NULL);
INSERT INTO T_AM_PO_PROCESSO VALUES (SQ_AM_PO_PROCESSO.nextval, 10,4,3,14,'PROCESSO COMERCIAL','13/04/2014',NULL,15,NULL,1,NULL);
INSERT INTO T_AM_PO_PROCESSO VALUES (SQ_AM_PO_PROCESSO.nextval, 10,5,2,15,'PROCESSO TRIBUTÁRIA','27/05/2014',NULL,15,NULL,1,NULL);


-- INSERINDO T_AM_PO_HIST_PROC_TX    (  11 MESES PARA CADA UM DOS 5 PROCESSOS DOS 5 CLIENTES = 220 E FUMACA     )
--NR_PROCESSO,CD_TAXA,DT_VALIDADE
INSERT INTO T_AM_PO_HIST_PROC_TX VALUES (1, 1, '31/01/2014');
INSERT INTO T_AM_PO_HIST_PROC_TX VALUES (1, 2, '28/02/2014');
INSERT INTO T_AM_PO_HIST_PROC_TX VALUES (1, 3, '31/03/2014');
INSERT INTO T_AM_PO_HIST_PROC_TX VALUES (1, 4, '30/04/2014');
INSERT INTO T_AM_PO_HIST_PROC_TX VALUES (1, 5, '31/05/2014');
INSERT INTO T_AM_PO_HIST_PROC_TX VALUES (1, 6, '30/06/2014');
INSERT INTO T_AM_PO_HIST_PROC_TX VALUES (1, 7, '31/07/2014');
INSERT INTO T_AM_PO_HIST_PROC_TX VALUES (1, 8, '31/08/2014');
INSERT INTO T_AM_PO_HIST_PROC_TX VALUES (1, 9, '30/09/2014');
INSERT INTO T_AM_PO_HIST_PROC_TX VALUES (1, 10, '31/10/2014');
INSERT INTO T_AM_PO_HIST_PROC_TX VALUES (1, 11, '30/11/2014');

INSERT INTO T_AM_PO_HIST_PROC_TX VALUES (2, 1, '31/01/2014');
INSERT INTO T_AM_PO_HIST_PROC_TX VALUES (2, 2, '28/02/2014');
INSERT INTO T_AM_PO_HIST_PROC_TX VALUES (2, 3, '31/03/2014');
INSERT INTO T_AM_PO_HIST_PROC_TX VALUES (2, 4, '30/04/2014');
INSERT INTO T_AM_PO_HIST_PROC_TX VALUES (2, 5, '31/05/2014');
INSERT INTO T_AM_PO_HIST_PROC_TX VALUES (2, 6, '30/06/2014');
INSERT INTO T_AM_PO_HIST_PROC_TX VALUES (2, 7, '31/07/2014');
INSERT INTO T_AM_PO_HIST_PROC_TX VALUES (2, 8, '31/08/2014');
INSERT INTO T_AM_PO_HIST_PROC_TX VALUES (2, 9, '30/09/2014');
INSERT INTO T_AM_PO_HIST_PROC_TX VALUES (2, 10, '31/10/2014');
INSERT INTO T_AM_PO_HIST_PROC_TX VALUES (2, 11, '30/11/2014');

INSERT INTO T_AM_PO_HIST_PROC_TX VALUES (3, 1, '31/01/2014');
INSERT INTO T_AM_PO_HIST_PROC_TX VALUES (3, 2, '28/02/2014');
INSERT INTO T_AM_PO_HIST_PROC_TX VALUES (3, 3, '31/03/2014');
INSERT INTO T_AM_PO_HIST_PROC_TX VALUES (3, 4, '30/04/2014');
INSERT INTO T_AM_PO_HIST_PROC_TX VALUES (3, 5, '31/05/2014');
INSERT INTO T_AM_PO_HIST_PROC_TX VALUES (3, 6, '30/06/2014');
INSERT INTO T_AM_PO_HIST_PROC_TX VALUES (3, 7, '31/07/2014');
INSERT INTO T_AM_PO_HIST_PROC_TX VALUES (3, 8, '31/08/2014');
INSERT INTO T_AM_PO_HIST_PROC_TX VALUES (3, 9, '30/09/2014');
INSERT INTO T_AM_PO_HIST_PROC_TX VALUES (3, 10, '31/10/2014');
INSERT INTO T_AM_PO_HIST_PROC_TX VALUES (3, 11, '30/11/2014');

INSERT INTO T_AM_PO_HIST_PROC_TX VALUES (4, 1, '31/01/2014');
INSERT INTO T_AM_PO_HIST_PROC_TX VALUES (4, 2, '28/02/2014');
INSERT INTO T_AM_PO_HIST_PROC_TX VALUES (4, 3, '31/03/2014');
INSERT INTO T_AM_PO_HIST_PROC_TX VALUES (4, 4, '30/04/2014');
INSERT INTO T_AM_PO_HIST_PROC_TX VALUES (4, 5, '31/05/2014');
INSERT INTO T_AM_PO_HIST_PROC_TX VALUES (4, 6, '30/06/2014');
INSERT INTO T_AM_PO_HIST_PROC_TX VALUES (4, 7, '31/07/2014');
INSERT INTO T_AM_PO_HIST_PROC_TX VALUES (4, 8, '31/08/2014');
INSERT INTO T_AM_PO_HIST_PROC_TX VALUES (4, 9, '30/09/2014');
INSERT INTO T_AM_PO_HIST_PROC_TX VALUES (4, 10, '31/10/2014');
INSERT INTO T_AM_PO_HIST_PROC_TX VALUES (4, 11, '30/11/2014');

INSERT INTO T_AM_PO_HIST_PROC_TX VALUES (5, 1, '31/01/2014');
INSERT INTO T_AM_PO_HIST_PROC_TX VALUES (5, 2, '28/02/2014');
INSERT INTO T_AM_PO_HIST_PROC_TX VALUES (5, 3, '31/03/2014');
INSERT INTO T_AM_PO_HIST_PROC_TX VALUES (5, 4, '30/04/2014');
INSERT INTO T_AM_PO_HIST_PROC_TX VALUES (5, 5, '31/05/2014');
INSERT INTO T_AM_PO_HIST_PROC_TX VALUES (5, 6, '30/06/2014');
INSERT INTO T_AM_PO_HIST_PROC_TX VALUES (5, 7, '31/07/2014');
INSERT INTO T_AM_PO_HIST_PROC_TX VALUES (5, 8, '31/08/2014');
INSERT INTO T_AM_PO_HIST_PROC_TX VALUES (5, 9, '30/09/2014');
INSERT INTO T_AM_PO_HIST_PROC_TX VALUES (5, 10, '31/10/2014');
INSERT INTO T_AM_PO_HIST_PROC_TX VALUES (5, 11, '30/11/2014');

INSERT INTO T_AM_PO_HIST_PROC_TX VALUES (6, 1, '31/01/2014');
INSERT INTO T_AM_PO_HIST_PROC_TX VALUES (6, 2, '28/02/2014');
INSERT INTO T_AM_PO_HIST_PROC_TX VALUES (6, 3, '31/03/2014');
INSERT INTO T_AM_PO_HIST_PROC_TX VALUES (6, 4, '30/04/2014');
INSERT INTO T_AM_PO_HIST_PROC_TX VALUES (6, 5, '31/05/2014');
INSERT INTO T_AM_PO_HIST_PROC_TX VALUES (6, 6, '30/06/2014');
INSERT INTO T_AM_PO_HIST_PROC_TX VALUES (6, 7, '31/07/2014');
INSERT INTO T_AM_PO_HIST_PROC_TX VALUES (6, 8, '31/08/2014');
INSERT INTO T_AM_PO_HIST_PROC_TX VALUES (6, 9, '30/09/2014');
INSERT INTO T_AM_PO_HIST_PROC_TX VALUES (6, 10, '31/10/2014');
INSERT INTO T_AM_PO_HIST_PROC_TX VALUES (6, 11, '30/11/2014');

INSERT INTO T_AM_PO_HIST_PROC_TX VALUES (7, 1, '31/01/2014');
INSERT INTO T_AM_PO_HIST_PROC_TX VALUES (7, 2, '28/02/2014');
INSERT INTO T_AM_PO_HIST_PROC_TX VALUES (7, 3, '31/03/2014');
INSERT INTO T_AM_PO_HIST_PROC_TX VALUES (7, 4, '30/04/2014');
INSERT INTO T_AM_PO_HIST_PROC_TX VALUES (7, 5, '31/05/2014');
INSERT INTO T_AM_PO_HIST_PROC_TX VALUES (7, 6, '30/06/2014');
INSERT INTO T_AM_PO_HIST_PROC_TX VALUES (7, 7, '31/07/2014');
INSERT INTO T_AM_PO_HIST_PROC_TX VALUES (7, 8, '31/08/2014');
INSERT INTO T_AM_PO_HIST_PROC_TX VALUES (7, 9, '30/09/2014');
INSERT INTO T_AM_PO_HIST_PROC_TX VALUES (7, 10, '31/10/2014');
INSERT INTO T_AM_PO_HIST_PROC_TX VALUES (7, 11, '30/11/2014');

INSERT INTO T_AM_PO_HIST_PROC_TX VALUES (8, 1, '31/01/2014');
INSERT INTO T_AM_PO_HIST_PROC_TX VALUES (8, 2, '28/02/2014');
INSERT INTO T_AM_PO_HIST_PROC_TX VALUES (8, 3, '31/03/2014');
INSERT INTO T_AM_PO_HIST_PROC_TX VALUES (8, 4, '30/04/2014');
INSERT INTO T_AM_PO_HIST_PROC_TX VALUES (8, 5, '31/05/2014');
INSERT INTO T_AM_PO_HIST_PROC_TX VALUES (8, 6, '30/06/2014');
INSERT INTO T_AM_PO_HIST_PROC_TX VALUES (8, 7, '31/07/2014');
INSERT INTO T_AM_PO_HIST_PROC_TX VALUES (8, 8, '31/08/2014');
INSERT INTO T_AM_PO_HIST_PROC_TX VALUES (8, 9, '30/09/2014');
INSERT INTO T_AM_PO_HIST_PROC_TX VALUES (8, 10, '31/10/2014');
INSERT INTO T_AM_PO_HIST_PROC_TX VALUES (8, 11, '30/11/2014');

INSERT INTO T_AM_PO_HIST_PROC_TX VALUES (9, 1, '31/01/2014');
INSERT INTO T_AM_PO_HIST_PROC_TX VALUES (9, 2, '28/02/2014');
INSERT INTO T_AM_PO_HIST_PROC_TX VALUES (9, 3, '31/03/2014');
INSERT INTO T_AM_PO_HIST_PROC_TX VALUES (9, 4, '30/04/2014');
INSERT INTO T_AM_PO_HIST_PROC_TX VALUES (9, 5, '31/05/2014');
INSERT INTO T_AM_PO_HIST_PROC_TX VALUES (9, 6, '30/06/2014');
INSERT INTO T_AM_PO_HIST_PROC_TX VALUES (9, 7, '31/07/2014');
INSERT INTO T_AM_PO_HIST_PROC_TX VALUES (9, 8, '31/08/2014');
INSERT INTO T_AM_PO_HIST_PROC_TX VALUES (9, 9, '30/09/2014');
INSERT INTO T_AM_PO_HIST_PROC_TX VALUES (9, 10, '31/10/2014');
INSERT INTO T_AM_PO_HIST_PROC_TX VALUES (9, 11, '30/11/2014');

INSERT INTO T_AM_PO_HIST_PROC_TX VALUES (10, 1, '31/01/2014');
INSERT INTO T_AM_PO_HIST_PROC_TX VALUES (10, 2, '28/02/2014');
INSERT INTO T_AM_PO_HIST_PROC_TX VALUES (10, 3, '31/03/2014');
INSERT INTO T_AM_PO_HIST_PROC_TX VALUES (10, 4, '30/04/2014');
INSERT INTO T_AM_PO_HIST_PROC_TX VALUES (10, 5, '31/05/2014');
INSERT INTO T_AM_PO_HIST_PROC_TX VALUES (10, 6, '30/06/2014');
INSERT INTO T_AM_PO_HIST_PROC_TX VALUES (10, 7, '31/07/2014');
INSERT INTO T_AM_PO_HIST_PROC_TX VALUES (10, 8, '31/08/2014');
INSERT INTO T_AM_PO_HIST_PROC_TX VALUES (10, 9, '30/09/2014');
INSERT INTO T_AM_PO_HIST_PROC_TX VALUES (10, 10, '31/10/2014');
INSERT INTO T_AM_PO_HIST_PROC_TX VALUES (10, 11, '30/11/2014');

INSERT INTO T_AM_PO_HIST_PROC_TX VALUES (11, 1, '31/01/2014');
INSERT INTO T_AM_PO_HIST_PROC_TX VALUES (11, 2, '28/02/2014');
INSERT INTO T_AM_PO_HIST_PROC_TX VALUES (11, 3, '31/03/2014');
INSERT INTO T_AM_PO_HIST_PROC_TX VALUES (11, 4, '30/04/2014');
INSERT INTO T_AM_PO_HIST_PROC_TX VALUES (11, 5, '31/05/2014');
INSERT INTO T_AM_PO_HIST_PROC_TX VALUES (11, 6, '30/06/2014');
INSERT INTO T_AM_PO_HIST_PROC_TX VALUES (11, 7, '31/07/2014');
INSERT INTO T_AM_PO_HIST_PROC_TX VALUES (11, 8, '31/08/2014');
INSERT INTO T_AM_PO_HIST_PROC_TX VALUES (11, 9, '30/09/2014');
INSERT INTO T_AM_PO_HIST_PROC_TX VALUES (11, 10, '31/10/2014');
INSERT INTO T_AM_PO_HIST_PROC_TX VALUES (11, 11, '30/11/2014');

INSERT INTO T_AM_PO_HIST_PROC_TX VALUES (12, 1, '31/01/2014');
INSERT INTO T_AM_PO_HIST_PROC_TX VALUES (12, 2, '28/02/2014');
INSERT INTO T_AM_PO_HIST_PROC_TX VALUES (12, 3, '31/03/2014');
INSERT INTO T_AM_PO_HIST_PROC_TX VALUES (12, 4, '30/04/2014');
INSERT INTO T_AM_PO_HIST_PROC_TX VALUES (12, 5, '31/05/2014');
INSERT INTO T_AM_PO_HIST_PROC_TX VALUES (12, 6, '30/06/2014');
INSERT INTO T_AM_PO_HIST_PROC_TX VALUES (12, 7, '31/07/2014');
INSERT INTO T_AM_PO_HIST_PROC_TX VALUES (12, 8, '31/08/2014');
INSERT INTO T_AM_PO_HIST_PROC_TX VALUES (12, 9, '30/09/2014');
INSERT INTO T_AM_PO_HIST_PROC_TX VALUES (12, 10, '31/10/2014');
INSERT INTO T_AM_PO_HIST_PROC_TX VALUES (12, 11, '30/11/2014');

INSERT INTO T_AM_PO_HIST_PROC_TX VALUES (13, 1, '31/01/2014');
INSERT INTO T_AM_PO_HIST_PROC_TX VALUES (13, 2, '28/02/2014');
INSERT INTO T_AM_PO_HIST_PROC_TX VALUES (13, 3, '31/03/2014');
INSERT INTO T_AM_PO_HIST_PROC_TX VALUES (13, 4, '30/04/2014');
INSERT INTO T_AM_PO_HIST_PROC_TX VALUES (13, 5, '31/05/2014');
INSERT INTO T_AM_PO_HIST_PROC_TX VALUES (13, 6, '30/06/2014');
INSERT INTO T_AM_PO_HIST_PROC_TX VALUES (13, 7, '31/07/2014');
INSERT INTO T_AM_PO_HIST_PROC_TX VALUES (13, 8, '31/08/2014');
INSERT INTO T_AM_PO_HIST_PROC_TX VALUES (13, 9, '30/09/2014');
INSERT INTO T_AM_PO_HIST_PROC_TX VALUES (13, 10, '31/10/2014');
INSERT INTO T_AM_PO_HIST_PROC_TX VALUES (13, 11, '30/11/2014');

INSERT INTO T_AM_PO_HIST_PROC_TX VALUES (14, 1, '31/01/2014');
INSERT INTO T_AM_PO_HIST_PROC_TX VALUES (14, 2, '28/02/2014');
INSERT INTO T_AM_PO_HIST_PROC_TX VALUES (14, 3, '31/03/2014');
INSERT INTO T_AM_PO_HIST_PROC_TX VALUES (14, 4, '30/04/2014');
INSERT INTO T_AM_PO_HIST_PROC_TX VALUES (14, 5, '31/05/2014');
INSERT INTO T_AM_PO_HIST_PROC_TX VALUES (14, 6, '30/06/2014');
INSERT INTO T_AM_PO_HIST_PROC_TX VALUES (14, 7, '31/07/2014');
INSERT INTO T_AM_PO_HIST_PROC_TX VALUES (14, 8, '31/08/2014');
INSERT INTO T_AM_PO_HIST_PROC_TX VALUES (14, 9, '30/09/2014');
INSERT INTO T_AM_PO_HIST_PROC_TX VALUES (14, 10, '31/10/2014');
INSERT INTO T_AM_PO_HIST_PROC_TX VALUES (14, 11, '30/11/2014');

INSERT INTO T_AM_PO_HIST_PROC_TX VALUES (15, 1, '31/01/2014');
INSERT INTO T_AM_PO_HIST_PROC_TX VALUES (15, 2, '28/02/2014');
INSERT INTO T_AM_PO_HIST_PROC_TX VALUES (15, 3, '31/03/2014');
INSERT INTO T_AM_PO_HIST_PROC_TX VALUES (15, 4, '30/04/2014');
INSERT INTO T_AM_PO_HIST_PROC_TX VALUES (15, 5, '31/05/2014');
INSERT INTO T_AM_PO_HIST_PROC_TX VALUES (15, 6, '30/06/2014');
INSERT INTO T_AM_PO_HIST_PROC_TX VALUES (15, 7, '31/07/2014');
INSERT INTO T_AM_PO_HIST_PROC_TX VALUES (15, 8, '31/08/2014');
INSERT INTO T_AM_PO_HIST_PROC_TX VALUES (15, 9, '30/09/2014');
INSERT INTO T_AM_PO_HIST_PROC_TX VALUES (15, 10, '31/10/2014');
INSERT INTO T_AM_PO_HIST_PROC_TX VALUES (15, 11, '30/11/2014');

INSERT INTO T_AM_PO_HIST_PROC_TX VALUES (16, 1, '31/01/2014');
INSERT INTO T_AM_PO_HIST_PROC_TX VALUES (16, 2, '28/02/2014');
INSERT INTO T_AM_PO_HIST_PROC_TX VALUES (16, 3, '31/03/2014');
INSERT INTO T_AM_PO_HIST_PROC_TX VALUES (16, 4, '30/04/2014');
INSERT INTO T_AM_PO_HIST_PROC_TX VALUES (16, 5, '31/05/2014');
INSERT INTO T_AM_PO_HIST_PROC_TX VALUES (16, 6, '30/06/2014');
INSERT INTO T_AM_PO_HIST_PROC_TX VALUES (16, 7, '31/07/2014');
INSERT INTO T_AM_PO_HIST_PROC_TX VALUES (16, 8, '31/08/2014');
INSERT INTO T_AM_PO_HIST_PROC_TX VALUES (16, 9, '30/09/2014');
INSERT INTO T_AM_PO_HIST_PROC_TX VALUES (16, 10, '31/10/2014');
INSERT INTO T_AM_PO_HIST_PROC_TX VALUES (16, 11, '30/11/2014');

INSERT INTO T_AM_PO_HIST_PROC_TX VALUES (17, 1, '31/01/2014');
INSERT INTO T_AM_PO_HIST_PROC_TX VALUES (17, 2, '28/02/2014');
INSERT INTO T_AM_PO_HIST_PROC_TX VALUES (17, 3, '31/03/2014');
INSERT INTO T_AM_PO_HIST_PROC_TX VALUES (17, 4, '30/04/2014');
INSERT INTO T_AM_PO_HIST_PROC_TX VALUES (17, 5, '31/05/2014');
INSERT INTO T_AM_PO_HIST_PROC_TX VALUES (17, 6, '30/06/2014');
INSERT INTO T_AM_PO_HIST_PROC_TX VALUES (17, 7, '31/07/2014');
INSERT INTO T_AM_PO_HIST_PROC_TX VALUES (17, 8, '31/08/2014');
INSERT INTO T_AM_PO_HIST_PROC_TX VALUES (17, 9, '30/09/2014');
INSERT INTO T_AM_PO_HIST_PROC_TX VALUES (17, 10, '31/10/2014');
INSERT INTO T_AM_PO_HIST_PROC_TX VALUES (17, 11, '30/11/2014');

INSERT INTO T_AM_PO_HIST_PROC_TX VALUES (18, 1, '31/01/2014');
INSERT INTO T_AM_PO_HIST_PROC_TX VALUES (18, 2, '28/02/2014');
INSERT INTO T_AM_PO_HIST_PROC_TX VALUES (18, 3, '31/03/2014');
INSERT INTO T_AM_PO_HIST_PROC_TX VALUES (18, 4, '30/04/2014');
INSERT INTO T_AM_PO_HIST_PROC_TX VALUES (18, 5, '31/05/2014');
INSERT INTO T_AM_PO_HIST_PROC_TX VALUES (18, 6, '30/06/2014');
INSERT INTO T_AM_PO_HIST_PROC_TX VALUES (18, 7, '31/07/2014');
INSERT INTO T_AM_PO_HIST_PROC_TX VALUES (18, 8, '31/08/2014');
INSERT INTO T_AM_PO_HIST_PROC_TX VALUES (18, 9, '30/09/2014');
INSERT INTO T_AM_PO_HIST_PROC_TX VALUES (18, 10, '31/10/2014');
INSERT INTO T_AM_PO_HIST_PROC_TX VALUES (18, 11, '30/11/2014');

INSERT INTO T_AM_PO_HIST_PROC_TX VALUES (19, 1, '31/01/2014');
INSERT INTO T_AM_PO_HIST_PROC_TX VALUES (19, 2, '28/02/2014');
INSERT INTO T_AM_PO_HIST_PROC_TX VALUES (19, 3, '31/03/2014');
INSERT INTO T_AM_PO_HIST_PROC_TX VALUES (19, 4, '30/04/2014');
INSERT INTO T_AM_PO_HIST_PROC_TX VALUES (19, 5, '31/05/2014');
INSERT INTO T_AM_PO_HIST_PROC_TX VALUES (19, 6, '30/06/2014');
INSERT INTO T_AM_PO_HIST_PROC_TX VALUES (19, 7, '31/07/2014');
INSERT INTO T_AM_PO_HIST_PROC_TX VALUES (19, 8, '31/08/2014');
INSERT INTO T_AM_PO_HIST_PROC_TX VALUES (19, 9, '30/09/2014');
INSERT INTO T_AM_PO_HIST_PROC_TX VALUES (19, 10, '31/10/2014');
INSERT INTO T_AM_PO_HIST_PROC_TX VALUES (19, 11, '30/11/2014');

INSERT INTO T_AM_PO_HIST_PROC_TX VALUES (20, 1, '31/01/2014');
INSERT INTO T_AM_PO_HIST_PROC_TX VALUES (20, 2, '28/02/2014');
INSERT INTO T_AM_PO_HIST_PROC_TX VALUES (20, 3, '31/03/2014');
INSERT INTO T_AM_PO_HIST_PROC_TX VALUES (20, 4, '30/04/2014');
INSERT INTO T_AM_PO_HIST_PROC_TX VALUES (20, 5, '31/05/2014');
INSERT INTO T_AM_PO_HIST_PROC_TX VALUES (20, 6, '30/06/2014');
INSERT INTO T_AM_PO_HIST_PROC_TX VALUES (20, 7, '31/07/2014');
INSERT INTO T_AM_PO_HIST_PROC_TX VALUES (20, 8, '31/08/2014');
INSERT INTO T_AM_PO_HIST_PROC_TX VALUES (20, 9, '30/09/2014');
INSERT INTO T_AM_PO_HIST_PROC_TX VALUES (20, 10, '31/10/2014');
INSERT INTO T_AM_PO_HIST_PROC_TX VALUES (20, 11, '30/11/2014');

INSERT INTO T_AM_PO_HIST_PROC_TX VALUES (21, 1, '31/01/2014');
INSERT INTO T_AM_PO_HIST_PROC_TX VALUES (21, 2, '28/02/2014');
INSERT INTO T_AM_PO_HIST_PROC_TX VALUES (21, 3, '31/03/2014');
INSERT INTO T_AM_PO_HIST_PROC_TX VALUES (21, 4, '30/04/2014');
INSERT INTO T_AM_PO_HIST_PROC_TX VALUES (21, 5, '31/05/2014');
INSERT INTO T_AM_PO_HIST_PROC_TX VALUES (21, 6, '30/06/2014');
INSERT INTO T_AM_PO_HIST_PROC_TX VALUES (21, 7, '31/07/2014');
INSERT INTO T_AM_PO_HIST_PROC_TX VALUES (21, 8, '31/08/2014');
INSERT INTO T_AM_PO_HIST_PROC_TX VALUES (21, 9, '30/09/2014');
INSERT INTO T_AM_PO_HIST_PROC_TX VALUES (21, 10, '31/10/2014');
INSERT INTO T_AM_PO_HIST_PROC_TX VALUES (21, 11, '30/11/2014');

INSERT INTO T_AM_PO_HIST_PROC_TX VALUES (22, 1, '31/01/2014');
INSERT INTO T_AM_PO_HIST_PROC_TX VALUES (22, 2, '28/02/2014');
INSERT INTO T_AM_PO_HIST_PROC_TX VALUES (22, 3, '31/03/2014');
INSERT INTO T_AM_PO_HIST_PROC_TX VALUES (22, 4, '30/04/2014');
INSERT INTO T_AM_PO_HIST_PROC_TX VALUES (22, 5, '31/05/2014');
INSERT INTO T_AM_PO_HIST_PROC_TX VALUES (22, 6, '30/06/2014');
INSERT INTO T_AM_PO_HIST_PROC_TX VALUES (22, 7, '31/07/2014');
INSERT INTO T_AM_PO_HIST_PROC_TX VALUES (22, 8, '31/08/2014');
INSERT INTO T_AM_PO_HIST_PROC_TX VALUES (22, 9, '30/09/2014');
INSERT INTO T_AM_PO_HIST_PROC_TX VALUES (22, 10, '31/10/2014');
INSERT INTO T_AM_PO_HIST_PROC_TX VALUES (22, 11, '30/11/2014');

INSERT INTO T_AM_PO_HIST_PROC_TX VALUES (23, 1, '31/01/2014');
INSERT INTO T_AM_PO_HIST_PROC_TX VALUES (23, 2, '28/02/2014');
INSERT INTO T_AM_PO_HIST_PROC_TX VALUES (23, 3, '31/03/2014');
INSERT INTO T_AM_PO_HIST_PROC_TX VALUES (23, 4, '30/04/2014');
INSERT INTO T_AM_PO_HIST_PROC_TX VALUES (23, 5, '31/05/2014');
INSERT INTO T_AM_PO_HIST_PROC_TX VALUES (23, 6, '30/06/2014');
INSERT INTO T_AM_PO_HIST_PROC_TX VALUES (23, 7, '31/07/2014');
INSERT INTO T_AM_PO_HIST_PROC_TX VALUES (23, 8, '31/08/2014');
INSERT INTO T_AM_PO_HIST_PROC_TX VALUES (23, 9, '30/09/2014');
INSERT INTO T_AM_PO_HIST_PROC_TX VALUES (23, 10, '31/10/2014');
INSERT INTO T_AM_PO_HIST_PROC_TX VALUES (23, 11, '30/11/2014');

INSERT INTO T_AM_PO_HIST_PROC_TX VALUES (24, 1, '31/01/2014');
INSERT INTO T_AM_PO_HIST_PROC_TX VALUES (24, 2, '28/02/2014');
INSERT INTO T_AM_PO_HIST_PROC_TX VALUES (24, 3, '31/03/2014');
INSERT INTO T_AM_PO_HIST_PROC_TX VALUES (24, 4, '30/04/2014');
INSERT INTO T_AM_PO_HIST_PROC_TX VALUES (24, 5, '31/05/2014');
INSERT INTO T_AM_PO_HIST_PROC_TX VALUES (24, 6, '30/06/2014');
INSERT INTO T_AM_PO_HIST_PROC_TX VALUES (24, 7, '31/07/2014');
INSERT INTO T_AM_PO_HIST_PROC_TX VALUES (24, 8, '31/08/2014');
INSERT INTO T_AM_PO_HIST_PROC_TX VALUES (24, 9, '30/09/2014');
INSERT INTO T_AM_PO_HIST_PROC_TX VALUES (24, 10, '31/10/2014');
INSERT INTO T_AM_PO_HIST_PROC_TX VALUES (24, 11, '30/11/2014');

INSERT INTO T_AM_PO_HIST_PROC_TX VALUES (25, 1, '31/01/2014');
INSERT INTO T_AM_PO_HIST_PROC_TX VALUES (25, 2, '28/02/2014');
INSERT INTO T_AM_PO_HIST_PROC_TX VALUES (25, 3, '31/03/2014');
INSERT INTO T_AM_PO_HIST_PROC_TX VALUES (25, 4, '30/04/2014');
INSERT INTO T_AM_PO_HIST_PROC_TX VALUES (25, 5, '31/05/2014');
INSERT INTO T_AM_PO_HIST_PROC_TX VALUES (25, 6, '30/06/2014');
INSERT INTO T_AM_PO_HIST_PROC_TX VALUES (25, 7, '31/07/2014');
INSERT INTO T_AM_PO_HIST_PROC_TX VALUES (25, 8, '31/08/2014');
INSERT INTO T_AM_PO_HIST_PROC_TX VALUES (25, 9, '30/09/2014');
INSERT INTO T_AM_PO_HIST_PROC_TX VALUES (25, 10, '31/10/2014');
INSERT INTO T_AM_PO_HIST_PROC_TX VALUES (25, 11, '30/11/2014');


-- INSERINDO LANCAR_HONORARIO         (    10 REGISTROS PARA CADA PROCESSO DE CADA CLIENTE    )
--CD_LANCAMENTO ( SQ_AM_PO_LANCA_HONORARIO.nextval  ) ,CD_TIPO_TAREFA,NR_PROCESSO,DT_HONORARIO,QT_HORA,DS_OBSERVACAO
INSERT INTO T_AM_PO_LANCA_HONORARIO VALUES(SQ_AM_PO_LANCA_HONORARIO.nextval, 3, 1, 1, '10/5/2014', 1, NULL);
INSERT INTO T_AM_PO_LANCA_HONORARIO VALUES(SQ_AM_PO_LANCA_HONORARIO.nextval, 1, 1, 1, '10/8/2014', 5, NULL);
INSERT INTO T_AM_PO_LANCA_HONORARIO VALUES(SQ_AM_PO_LANCA_HONORARIO.nextval, 2, 1, 1, '7/3/2014', 7, NULL);
INSERT INTO T_AM_PO_LANCA_HONORARIO VALUES(SQ_AM_PO_LANCA_HONORARIO.nextval, 3, 1, 1, '15/10/2014', 2, NULL);
INSERT INTO T_AM_PO_LANCA_HONORARIO VALUES(SQ_AM_PO_LANCA_HONORARIO.nextval, 2, 1, 1, '28/3/2014', 4, NULL);
INSERT INTO T_AM_PO_LANCA_HONORARIO VALUES(SQ_AM_PO_LANCA_HONORARIO.nextval, 1, 1, 1, '14/10/2014', 2, NULL);
INSERT INTO T_AM_PO_LANCA_HONORARIO VALUES(SQ_AM_PO_LANCA_HONORARIO.nextval, 2, 1, 1, '15/1/2014', 2, NULL);
INSERT INTO T_AM_PO_LANCA_HONORARIO VALUES(SQ_AM_PO_LANCA_HONORARIO.nextval, 3, 1, 1, '8/9/2014', 2, NULL);
INSERT INTO T_AM_PO_LANCA_HONORARIO VALUES(SQ_AM_PO_LANCA_HONORARIO.nextval, 3, 1, 1, '21/2/2014', 6, NULL);
INSERT INTO T_AM_PO_LANCA_HONORARIO VALUES(SQ_AM_PO_LANCA_HONORARIO.nextval, 2, 1, 1, '11/9/2014', 5, NULL);
                                                                                   
INSERT INTO T_AM_PO_LANCA_HONORARIO VALUES(SQ_AM_PO_LANCA_HONORARIO.nextval, 1, 2, 1, '15/11/2014', 5, NULL);
INSERT INTO T_AM_PO_LANCA_HONORARIO VALUES(SQ_AM_PO_LANCA_HONORARIO.nextval, 3, 2, 1, '27/6/2014', 7, NULL);
INSERT INTO T_AM_PO_LANCA_HONORARIO VALUES(SQ_AM_PO_LANCA_HONORARIO.nextval, 1, 2, 1, '17/8/2014', 4, NULL);
INSERT INTO T_AM_PO_LANCA_HONORARIO VALUES(SQ_AM_PO_LANCA_HONORARIO.nextval, 2, 2, 1, '5/5/2014', 7, NULL);
INSERT INTO T_AM_PO_LANCA_HONORARIO VALUES(SQ_AM_PO_LANCA_HONORARIO.nextval, 3, 2, 1, '7/6/2014', 5, NULL);
INSERT INTO T_AM_PO_LANCA_HONORARIO VALUES(SQ_AM_PO_LANCA_HONORARIO.nextval, 1, 2, 1, '14/9/2014', 7, NULL);
INSERT INTO T_AM_PO_LANCA_HONORARIO VALUES(SQ_AM_PO_LANCA_HONORARIO.nextval, 2, 2, 1, '7/8/2014', 7, NULL);
INSERT INTO T_AM_PO_LANCA_HONORARIO VALUES(SQ_AM_PO_LANCA_HONORARIO.nextval, 2, 2, 1, '13/11/2014', 1, NULL);
INSERT INTO T_AM_PO_LANCA_HONORARIO VALUES(SQ_AM_PO_LANCA_HONORARIO.nextval, 3, 2, 1, '16/5/2014', 5, NULL);
INSERT INTO T_AM_PO_LANCA_HONORARIO VALUES(SQ_AM_PO_LANCA_HONORARIO.nextval, 1, 2, 1, '27/8/2014', 4, NULL);
                                                                                   
INSERT INTO T_AM_PO_LANCA_HONORARIO VALUES(SQ_AM_PO_LANCA_HONORARIO.nextval, 1, 3, 1, '11/9/2014', 5, NULL);
INSERT INTO T_AM_PO_LANCA_HONORARIO VALUES(SQ_AM_PO_LANCA_HONORARIO.nextval, 1, 3, 1, '10/10/2014', 3, NULL);
INSERT INTO T_AM_PO_LANCA_HONORARIO VALUES(SQ_AM_PO_LANCA_HONORARIO.nextval, 2, 3, 1, '27/7/2014', 6, NULL);
INSERT INTO T_AM_PO_LANCA_HONORARIO VALUES(SQ_AM_PO_LANCA_HONORARIO.nextval, 1, 3, 1, '9/7/2014', 1, NULL);
INSERT INTO T_AM_PO_LANCA_HONORARIO VALUES(SQ_AM_PO_LANCA_HONORARIO.nextval, 2, 3, 1, '20/4/2014', 7, NULL);
INSERT INTO T_AM_PO_LANCA_HONORARIO VALUES(SQ_AM_PO_LANCA_HONORARIO.nextval, 3, 3, 1, '23/7/2014', 1, NULL);
INSERT INTO T_AM_PO_LANCA_HONORARIO VALUES(SQ_AM_PO_LANCA_HONORARIO.nextval, 1, 3, 1, '22/3/2014', 1, NULL);
INSERT INTO T_AM_PO_LANCA_HONORARIO VALUES(SQ_AM_PO_LANCA_HONORARIO.nextval, 2, 3, 1, '25/10/2014', 3, NULL);
INSERT INTO T_AM_PO_LANCA_HONORARIO VALUES(SQ_AM_PO_LANCA_HONORARIO.nextval, 1, 3, 1, '23/5/2014', 6, NULL);
INSERT INTO T_AM_PO_LANCA_HONORARIO VALUES(SQ_AM_PO_LANCA_HONORARIO.nextval, 1, 3, 1, '3/4/2014', 4, NULL);

INSERT INTO T_AM_PO_LANCA_HONORARIO VALUES(SQ_AM_PO_LANCA_HONORARIO.nextval, 3, 4, 2, '23/8/2014', 6, NULL);
INSERT INTO T_AM_PO_LANCA_HONORARIO VALUES(SQ_AM_PO_LANCA_HONORARIO.nextval, 3, 4, 2, '27/7/2014', 6, NULL);
INSERT INTO T_AM_PO_LANCA_HONORARIO VALUES(SQ_AM_PO_LANCA_HONORARIO.nextval, 1, 4, 2, '20/7/2014', 2, NULL);
INSERT INTO T_AM_PO_LANCA_HONORARIO VALUES(SQ_AM_PO_LANCA_HONORARIO.nextval, 2, 4, 2, '28/11/2014', 7, NULL);
INSERT INTO T_AM_PO_LANCA_HONORARIO VALUES(SQ_AM_PO_LANCA_HONORARIO.nextval, 3, 4, 2, '16/10/2014', 1, NULL);
INSERT INTO T_AM_PO_LANCA_HONORARIO VALUES(SQ_AM_PO_LANCA_HONORARIO.nextval, 3, 4, 2, '24/11/2014', 6, NULL);
INSERT INTO T_AM_PO_LANCA_HONORARIO VALUES(SQ_AM_PO_LANCA_HONORARIO.nextval, 2, 4, 2, '27/8/2014', 5, NULL);
INSERT INTO T_AM_PO_LANCA_HONORARIO VALUES(SQ_AM_PO_LANCA_HONORARIO.nextval, 3, 4, 2, '15/9/2014', 3, NULL);
INSERT INTO T_AM_PO_LANCA_HONORARIO VALUES(SQ_AM_PO_LANCA_HONORARIO.nextval, 2, 4, 2, '14/4/2014', 3, NULL);
INSERT INTO T_AM_PO_LANCA_HONORARIO VALUES(SQ_AM_PO_LANCA_HONORARIO.nextval, 2, 4, 2, '19/9/2014', 1, NULL);
                                                                                   
INSERT INTO T_AM_PO_LANCA_HONORARIO VALUES(SQ_AM_PO_LANCA_HONORARIO.nextval, 1, 5, 2, '29/9/2014', 6, NULL);
INSERT INTO T_AM_PO_LANCA_HONORARIO VALUES(SQ_AM_PO_LANCA_HONORARIO.nextval, 3, 5, 2, '27/9/2014', 7, NULL);
INSERT INTO T_AM_PO_LANCA_HONORARIO VALUES(SQ_AM_PO_LANCA_HONORARIO.nextval, 1, 5, 2, '29/10/2014', 1, NULL);
INSERT INTO T_AM_PO_LANCA_HONORARIO VALUES(SQ_AM_PO_LANCA_HONORARIO.nextval, 3, 5, 2, '28/11/2014', 6, NULL);
INSERT INTO T_AM_PO_LANCA_HONORARIO VALUES(SQ_AM_PO_LANCA_HONORARIO.nextval, 2, 5, 2, '28/6/2014', 7, NULL);
INSERT INTO T_AM_PO_LANCA_HONORARIO VALUES(SQ_AM_PO_LANCA_HONORARIO.nextval, 1, 5, 2, '29/7/2014', 1, NULL);
INSERT INTO T_AM_PO_LANCA_HONORARIO VALUES(SQ_AM_PO_LANCA_HONORARIO.nextval, 3, 5, 2, '29/11/2014', 1, NULL);
INSERT INTO T_AM_PO_LANCA_HONORARIO VALUES(SQ_AM_PO_LANCA_HONORARIO.nextval, 2, 5, 2, '28/11/2014', 2, NULL);
INSERT INTO T_AM_PO_LANCA_HONORARIO VALUES(SQ_AM_PO_LANCA_HONORARIO.nextval, 2, 5, 2, '29/9/2014', 1, NULL);
INSERT INTO T_AM_PO_LANCA_HONORARIO VALUES(SQ_AM_PO_LANCA_HONORARIO.nextval, 3, 5, 2, '29/5/2014', 6, NULL);
                                                                                   
INSERT INTO T_AM_PO_LANCA_HONORARIO VALUES(SQ_AM_PO_LANCA_HONORARIO.nextval, 2, 6, 2, '23/6/2014', 5, NULL);
INSERT INTO T_AM_PO_LANCA_HONORARIO VALUES(SQ_AM_PO_LANCA_HONORARIO.nextval, 2, 6, 2, '13/10/2014', 6, NULL);
INSERT INTO T_AM_PO_LANCA_HONORARIO VALUES(SQ_AM_PO_LANCA_HONORARIO.nextval, 3, 6, 2, '4/4/2014', 3, NULL);
INSERT INTO T_AM_PO_LANCA_HONORARIO VALUES(SQ_AM_PO_LANCA_HONORARIO.nextval, 3, 6, 2, '3/1/2014', 7, NULL);
INSERT INTO T_AM_PO_LANCA_HONORARIO VALUES(SQ_AM_PO_LANCA_HONORARIO.nextval, 1, 6, 2, '1/9/2014', 4, NULL);
INSERT INTO T_AM_PO_LANCA_HONORARIO VALUES(SQ_AM_PO_LANCA_HONORARIO.nextval, 2, 6, 2, '8/8/2014', 2, NULL);
INSERT INTO T_AM_PO_LANCA_HONORARIO VALUES(SQ_AM_PO_LANCA_HONORARIO.nextval, 3, 6, 2, '16/6/2014', 6, NULL);
INSERT INTO T_AM_PO_LANCA_HONORARIO VALUES(SQ_AM_PO_LANCA_HONORARIO.nextval, 2, 6, 2, '24/8/2014', 3, NULL);
INSERT INTO T_AM_PO_LANCA_HONORARIO VALUES(SQ_AM_PO_LANCA_HONORARIO.nextval, 2, 6, 2, '1/1/2014', 7, NULL);
INSERT INTO T_AM_PO_LANCA_HONORARIO VALUES(SQ_AM_PO_LANCA_HONORARIO.nextval, 1, 6, 2, '22/9/2014', 2, NULL);
                                                                                   
INSERT INTO T_AM_PO_LANCA_HONORARIO VALUES(SQ_AM_PO_LANCA_HONORARIO.nextval, 2, 7, 2, '11/9/2014', 1, NULL);
INSERT INTO T_AM_PO_LANCA_HONORARIO VALUES(SQ_AM_PO_LANCA_HONORARIO.nextval, 2, 7, 2, '8/3/2014', 3, NULL);
INSERT INTO T_AM_PO_LANCA_HONORARIO VALUES(SQ_AM_PO_LANCA_HONORARIO.nextval, 1, 7, 2, '15/2/2014', 4, NULL);
INSERT INTO T_AM_PO_LANCA_HONORARIO VALUES(SQ_AM_PO_LANCA_HONORARIO.nextval, 1, 7, 2, '16/7/2014', 2, NULL);
INSERT INTO T_AM_PO_LANCA_HONORARIO VALUES(SQ_AM_PO_LANCA_HONORARIO.nextval, 1, 7, 2, '27/8/2014', 7, NULL);
INSERT INTO T_AM_PO_LANCA_HONORARIO VALUES(SQ_AM_PO_LANCA_HONORARIO.nextval, 1, 7, 2, '26/2/2014', 3, NULL);
INSERT INTO T_AM_PO_LANCA_HONORARIO VALUES(SQ_AM_PO_LANCA_HONORARIO.nextval, 2, 7, 2, '14/2/2014', 6, NULL);
INSERT INTO T_AM_PO_LANCA_HONORARIO VALUES(SQ_AM_PO_LANCA_HONORARIO.nextval, 2, 7, 2, '28/11/2014', 2, NULL);
INSERT INTO T_AM_PO_LANCA_HONORARIO VALUES(SQ_AM_PO_LANCA_HONORARIO.nextval, 2, 7, 2, '13/7/2014', 6, NULL);
INSERT INTO T_AM_PO_LANCA_HONORARIO VALUES(SQ_AM_PO_LANCA_HONORARIO.nextval, 1, 7, 2, '8/3/2014', 4, NULL);
                                                                                  
INSERT INTO T_AM_PO_LANCA_HONORARIO VALUES(SQ_AM_PO_LANCA_HONORARIO.nextval, 3, 8, 2, '12/4/2014', 3, NULL);
INSERT INTO T_AM_PO_LANCA_HONORARIO VALUES(SQ_AM_PO_LANCA_HONORARIO.nextval, 2, 8, 2, '27/10/2014', 6, NULL);
INSERT INTO T_AM_PO_LANCA_HONORARIO VALUES(SQ_AM_PO_LANCA_HONORARIO.nextval, 2, 8, 2, '21/6/2014', 7, NULL);
INSERT INTO T_AM_PO_LANCA_HONORARIO VALUES(SQ_AM_PO_LANCA_HONORARIO.nextval, 1, 8, 2, '9/5/2014', 5, NULL);
INSERT INTO T_AM_PO_LANCA_HONORARIO VALUES(SQ_AM_PO_LANCA_HONORARIO.nextval, 2, 8, 2, '20/6/2014', 6, NULL);
INSERT INTO T_AM_PO_LANCA_HONORARIO VALUES(SQ_AM_PO_LANCA_HONORARIO.nextval, 1, 8, 2, '5/11/2014', 7, NULL);
INSERT INTO T_AM_PO_LANCA_HONORARIO VALUES(SQ_AM_PO_LANCA_HONORARIO.nextval, 1, 8, 2, '3/9/2014', 7, NULL);
INSERT INTO T_AM_PO_LANCA_HONORARIO VALUES(SQ_AM_PO_LANCA_HONORARIO.nextval, 3, 8, 2, '7/9/2014', 2, NULL);
INSERT INTO T_AM_PO_LANCA_HONORARIO VALUES(SQ_AM_PO_LANCA_HONORARIO.nextval, 1, 8, 2, '27/5/2014', 2, NULL);
INSERT INTO T_AM_PO_LANCA_HONORARIO VALUES(SQ_AM_PO_LANCA_HONORARIO.nextval, 2, 8, 2, '29/9/2014', 3, NULL);

INSERT INTO T_AM_PO_LANCA_HONORARIO VALUES(SQ_AM_PO_LANCA_HONORARIO.nextval, 1, 9, 3, '17/4/2014', 1, NULL);
INSERT INTO T_AM_PO_LANCA_HONORARIO VALUES(SQ_AM_PO_LANCA_HONORARIO.nextval, 1, 9, 3, '19/5/2014', 4, NULL);
INSERT INTO T_AM_PO_LANCA_HONORARIO VALUES(SQ_AM_PO_LANCA_HONORARIO.nextval, 2, 9, 3, '27/5/2014', 4, NULL);
INSERT INTO T_AM_PO_LANCA_HONORARIO VALUES(SQ_AM_PO_LANCA_HONORARIO.nextval, 2, 9, 3, '24/10/2014', 7, NULL);
INSERT INTO T_AM_PO_LANCA_HONORARIO VALUES(SQ_AM_PO_LANCA_HONORARIO.nextval, 1, 9, 3, '21/10/2014', 7, NULL);
INSERT INTO T_AM_PO_LANCA_HONORARIO VALUES(SQ_AM_PO_LANCA_HONORARIO.nextval, 2, 9, 3, '13/8/2014', 7, NULL);
INSERT INTO T_AM_PO_LANCA_HONORARIO VALUES(SQ_AM_PO_LANCA_HONORARIO.nextval, 1, 9, 3, '28/11/2014', 5, NULL);
INSERT INTO T_AM_PO_LANCA_HONORARIO VALUES(SQ_AM_PO_LANCA_HONORARIO.nextval, 1, 9, 3, '22/6/2014', 5, NULL);
INSERT INTO T_AM_PO_LANCA_HONORARIO VALUES(SQ_AM_PO_LANCA_HONORARIO.nextval, 1, 9, 3, '24/7/2014', 3, NULL);
INSERT INTO T_AM_PO_LANCA_HONORARIO VALUES(SQ_AM_PO_LANCA_HONORARIO.nextval, 1, 9, 3, '19/6/2014', 5, NULL);

INSERT INTO T_AM_PO_LANCA_HONORARIO VALUES(SQ_AM_PO_LANCA_HONORARIO.nextval, 2, 10, 4, '29/9/2014', 1, NULL);
INSERT INTO T_AM_PO_LANCA_HONORARIO VALUES(SQ_AM_PO_LANCA_HONORARIO.nextval, 2, 10, 4, '28/5/2014', 1, NULL);
INSERT INTO T_AM_PO_LANCA_HONORARIO VALUES(SQ_AM_PO_LANCA_HONORARIO.nextval, 2, 10, 4, '27/6/2014', 1, NULL);
INSERT INTO T_AM_PO_LANCA_HONORARIO VALUES(SQ_AM_PO_LANCA_HONORARIO.nextval, 2, 10, 4, '29/8/2014', 5, NULL);
INSERT INTO T_AM_PO_LANCA_HONORARIO VALUES(SQ_AM_PO_LANCA_HONORARIO.nextval, 1, 10, 4, '27/11/2014', 5, NULL);
INSERT INTO T_AM_PO_LANCA_HONORARIO VALUES(SQ_AM_PO_LANCA_HONORARIO.nextval, 2, 10, 4, '27/10/2014', 3, NULL);
INSERT INTO T_AM_PO_LANCA_HONORARIO VALUES(SQ_AM_PO_LANCA_HONORARIO.nextval, 3, 10, 4, '28/6/2014', 6, NULL);
INSERT INTO T_AM_PO_LANCA_HONORARIO VALUES(SQ_AM_PO_LANCA_HONORARIO.nextval, 3, 10, 4, '27/5/2014', 5, NULL);
INSERT INTO T_AM_PO_LANCA_HONORARIO VALUES(SQ_AM_PO_LANCA_HONORARIO.nextval, 2, 10, 4, '29/11/2014', 1, NULL);
INSERT INTO T_AM_PO_LANCA_HONORARIO VALUES(SQ_AM_PO_LANCA_HONORARIO.nextval, 3, 10, 4, '28/8/2014', 4, NULL);
                                                                                   
INSERT INTO T_AM_PO_LANCA_HONORARIO VALUES(SQ_AM_PO_LANCA_HONORARIO.nextval, 2, 11, 4, '7/7/2014', 2, NULL);
INSERT INTO T_AM_PO_LANCA_HONORARIO VALUES(SQ_AM_PO_LANCA_HONORARIO.nextval, 1, 11, 4, '26/6/2014', 5, NULL);
INSERT INTO T_AM_PO_LANCA_HONORARIO VALUES(SQ_AM_PO_LANCA_HONORARIO.nextval, 3, 11, 4, '13/9/2014', 5, NULL);
INSERT INTO T_AM_PO_LANCA_HONORARIO VALUES(SQ_AM_PO_LANCA_HONORARIO.nextval, 1, 11, 4, '21/9/2014', 6, NULL);
INSERT INTO T_AM_PO_LANCA_HONORARIO VALUES(SQ_AM_PO_LANCA_HONORARIO.nextval, 3, 11, 4, '17/9/2014', 7, NULL);
INSERT INTO T_AM_PO_LANCA_HONORARIO VALUES(SQ_AM_PO_LANCA_HONORARIO.nextval, 2, 11, 4, '9/7/2014', 5, NULL);
INSERT INTO T_AM_PO_LANCA_HONORARIO VALUES(SQ_AM_PO_LANCA_HONORARIO.nextval, 3, 11, 4, '9/10/2014', 1, NULL);
INSERT INTO T_AM_PO_LANCA_HONORARIO VALUES(SQ_AM_PO_LANCA_HONORARIO.nextval, 2, 11, 4, '28/5/2014', 7, NULL);
INSERT INTO T_AM_PO_LANCA_HONORARIO VALUES(SQ_AM_PO_LANCA_HONORARIO.nextval, 3, 11, 4, '21/11/2014', 2, NULL);
INSERT INTO T_AM_PO_LANCA_HONORARIO VALUES(SQ_AM_PO_LANCA_HONORARIO.nextval, 2, 11, 4, '15/10/2014', 4, NULL);
                                                                                    
INSERT INTO T_AM_PO_LANCA_HONORARIO VALUES(SQ_AM_PO_LANCA_HONORARIO.nextval, 1, 12, 4, '7/6/2014', 2, NULL);
INSERT INTO T_AM_PO_LANCA_HONORARIO VALUES(SQ_AM_PO_LANCA_HONORARIO.nextval, 2, 12, 4, '13/2/2014', 1, NULL);
INSERT INTO T_AM_PO_LANCA_HONORARIO VALUES(SQ_AM_PO_LANCA_HONORARIO.nextval, 1, 12, 4, '8/11/2014', 3, NULL);
INSERT INTO T_AM_PO_LANCA_HONORARIO VALUES(SQ_AM_PO_LANCA_HONORARIO.nextval, 2, 12, 4, '12/9/2014', 5, NULL);
INSERT INTO T_AM_PO_LANCA_HONORARIO VALUES(SQ_AM_PO_LANCA_HONORARIO.nextval, 2, 12, 4, '23/5/2014', 4, NULL);
INSERT INTO T_AM_PO_LANCA_HONORARIO VALUES(SQ_AM_PO_LANCA_HONORARIO.nextval, 3, 12, 4, '6/9/2014', 7, NULL);
INSERT INTO T_AM_PO_LANCA_HONORARIO VALUES(SQ_AM_PO_LANCA_HONORARIO.nextval, 3, 12, 4, '24/9/2014', 3, NULL);
INSERT INTO T_AM_PO_LANCA_HONORARIO VALUES(SQ_AM_PO_LANCA_HONORARIO.nextval, 2, 12, 4, '5/5/2014', 2, NULL);
INSERT INTO T_AM_PO_LANCA_HONORARIO VALUES(SQ_AM_PO_LANCA_HONORARIO.nextval, 1, 12, 4, '29/7/2014', 6, NULL);
INSERT INTO T_AM_PO_LANCA_HONORARIO VALUES(SQ_AM_PO_LANCA_HONORARIO.nextval, 1, 12, 4, '27/5/2014', 7, NULL);
                                                                                    
INSERT INTO T_AM_PO_LANCA_HONORARIO VALUES(SQ_AM_PO_LANCA_HONORARIO.nextval, 2, 13, 4, '13/11/2014', 4, NULL);
INSERT INTO T_AM_PO_LANCA_HONORARIO VALUES(SQ_AM_PO_LANCA_HONORARIO.nextval, 2, 13, 4, '8/6/2014', 4, NULL);
INSERT INTO T_AM_PO_LANCA_HONORARIO VALUES(SQ_AM_PO_LANCA_HONORARIO.nextval, 1, 13, 4, '17/3/2014', 4, NULL);
INSERT INTO T_AM_PO_LANCA_HONORARIO VALUES(SQ_AM_PO_LANCA_HONORARIO.nextval, 3, 13, 4, '26/11/2014', 4, NULL);
INSERT INTO T_AM_PO_LANCA_HONORARIO VALUES(SQ_AM_PO_LANCA_HONORARIO.nextval, 1, 13, 4, '18/7/2014', 4, NULL);
INSERT INTO T_AM_PO_LANCA_HONORARIO VALUES(SQ_AM_PO_LANCA_HONORARIO.nextval, 3, 13, 4, '10/10/2014', 2, NULL);
INSERT INTO T_AM_PO_LANCA_HONORARIO VALUES(SQ_AM_PO_LANCA_HONORARIO.nextval, 2, 13, 4, '12/8/2014', 5, NULL);
INSERT INTO T_AM_PO_LANCA_HONORARIO VALUES(SQ_AM_PO_LANCA_HONORARIO.nextval, 1, 13, 4, '20/8/2014', 3, NULL);
INSERT INTO T_AM_PO_LANCA_HONORARIO VALUES(SQ_AM_PO_LANCA_HONORARIO.nextval, 1, 13, 4, '3/3/2014', 1, NULL);
INSERT INTO T_AM_PO_LANCA_HONORARIO VALUES(SQ_AM_PO_LANCA_HONORARIO.nextval, 2, 13, 4, '26/10/2014', 4, NULL);
                                                                                    
INSERT INTO T_AM_PO_LANCA_HONORARIO VALUES(SQ_AM_PO_LANCA_HONORARIO.nextval, 2, 14, 4, '21/6/2014', 5, NULL);
INSERT INTO T_AM_PO_LANCA_HONORARIO VALUES(SQ_AM_PO_LANCA_HONORARIO.nextval, 3, 14, 4, '27/10/2014', 5, NULL);
INSERT INTO T_AM_PO_LANCA_HONORARIO VALUES(SQ_AM_PO_LANCA_HONORARIO.nextval, 3, 14, 4, '25/11/2014', 1, NULL);
INSERT INTO T_AM_PO_LANCA_HONORARIO VALUES(SQ_AM_PO_LANCA_HONORARIO.nextval, 3, 14, 4, '20/10/2014', 2, NULL);
INSERT INTO T_AM_PO_LANCA_HONORARIO VALUES(SQ_AM_PO_LANCA_HONORARIO.nextval, 3, 14, 4, '25/7/2014', 1, NULL);
INSERT INTO T_AM_PO_LANCA_HONORARIO VALUES(SQ_AM_PO_LANCA_HONORARIO.nextval, 1, 14, 4, '17/10/2014', 2, NULL);
INSERT INTO T_AM_PO_LANCA_HONORARIO VALUES(SQ_AM_PO_LANCA_HONORARIO.nextval, 3, 14, 4, '24/6/2014', 4, NULL);
INSERT INTO T_AM_PO_LANCA_HONORARIO VALUES(SQ_AM_PO_LANCA_HONORARIO.nextval, 3, 14, 4, '28/11/2014', 2, NULL);
INSERT INTO T_AM_PO_LANCA_HONORARIO VALUES(SQ_AM_PO_LANCA_HONORARIO.nextval, 2, 14, 4, '18/8/2014', 5, NULL);
INSERT INTO T_AM_PO_LANCA_HONORARIO VALUES(SQ_AM_PO_LANCA_HONORARIO.nextval, 2, 14, 4, '22/10/2014', 3, NULL);
                                                                                    
INSERT INTO T_AM_PO_LANCA_HONORARIO VALUES(SQ_AM_PO_LANCA_HONORARIO.nextval, 1, 15, 4, '27/11/2014', 7, NULL);
INSERT INTO T_AM_PO_LANCA_HONORARIO VALUES(SQ_AM_PO_LANCA_HONORARIO.nextval, 1, 15, 4, '29/6/2014', 5, NULL);
INSERT INTO T_AM_PO_LANCA_HONORARIO VALUES(SQ_AM_PO_LANCA_HONORARIO.nextval, 3, 15, 4, '28/9/2014', 1, NULL);
INSERT INTO T_AM_PO_LANCA_HONORARIO VALUES(SQ_AM_PO_LANCA_HONORARIO.nextval, 3, 15, 4, '29/8/2014', 2, NULL);
INSERT INTO T_AM_PO_LANCA_HONORARIO VALUES(SQ_AM_PO_LANCA_HONORARIO.nextval, 3, 15, 4, '29/5/2014', 4, NULL);
INSERT INTO T_AM_PO_LANCA_HONORARIO VALUES(SQ_AM_PO_LANCA_HONORARIO.nextval, 1, 15, 4, '28/6/2014', 5, NULL);
INSERT INTO T_AM_PO_LANCA_HONORARIO VALUES(SQ_AM_PO_LANCA_HONORARIO.nextval, 2, 15, 4, '27/5/2014', 6, NULL);
INSERT INTO T_AM_PO_LANCA_HONORARIO VALUES(SQ_AM_PO_LANCA_HONORARIO.nextval, 1, 15, 4, '29/5/2014', 4, NULL);
INSERT INTO T_AM_PO_LANCA_HONORARIO VALUES(SQ_AM_PO_LANCA_HONORARIO.nextval, 3, 15, 4, '27/9/2014', 7, NULL);
INSERT INTO T_AM_PO_LANCA_HONORARIO VALUES(SQ_AM_PO_LANCA_HONORARIO.nextval, 3, 15, 4, '27/10/2014', 4, NULL);
                                                                                    
INSERT INTO T_AM_PO_LANCA_HONORARIO VALUES(SQ_AM_PO_LANCA_HONORARIO.nextval, 2, 16, 4, '4/7/2014', 7, NULL);
INSERT INTO T_AM_PO_LANCA_HONORARIO VALUES(SQ_AM_PO_LANCA_HONORARIO.nextval, 1, 16, 4, '9/10/2014', 3, NULL);
INSERT INTO T_AM_PO_LANCA_HONORARIO VALUES(SQ_AM_PO_LANCA_HONORARIO.nextval, 2, 16, 4, '3/9/2014', 2, NULL);
INSERT INTO T_AM_PO_LANCA_HONORARIO VALUES(SQ_AM_PO_LANCA_HONORARIO.nextval, 2, 16, 4, '23/9/2014', 2, NULL);
INSERT INTO T_AM_PO_LANCA_HONORARIO VALUES(SQ_AM_PO_LANCA_HONORARIO.nextval, 2, 16, 4, '11/5/2014', 3, NULL);
INSERT INTO T_AM_PO_LANCA_HONORARIO VALUES(SQ_AM_PO_LANCA_HONORARIO.nextval, 3, 16, 4, '3/9/2014', 2, NULL);
INSERT INTO T_AM_PO_LANCA_HONORARIO VALUES(SQ_AM_PO_LANCA_HONORARIO.nextval, 2, 16, 4, '14/11/2014', 4, NULL);
INSERT INTO T_AM_PO_LANCA_HONORARIO VALUES(SQ_AM_PO_LANCA_HONORARIO.nextval, 3, 16, 4, '7/11/2014', 2, NULL);
INSERT INTO T_AM_PO_LANCA_HONORARIO VALUES(SQ_AM_PO_LANCA_HONORARIO.nextval, 3, 16, 4, '3/1/2014', 7, NULL);
INSERT INTO T_AM_PO_LANCA_HONORARIO VALUES(SQ_AM_PO_LANCA_HONORARIO.nextval, 2, 16, 4, '8/11/2014', 6, NULL);

INSERT INTO T_AM_PO_LANCA_HONORARIO VALUES(SQ_AM_PO_LANCA_HONORARIO.nextval, 3, 17, 5, '16/4/2014', 4, NULL);
INSERT INTO T_AM_PO_LANCA_HONORARIO VALUES(SQ_AM_PO_LANCA_HONORARIO.nextval, 2, 17, 5, '20/5/2014', 5, NULL);
INSERT INTO T_AM_PO_LANCA_HONORARIO VALUES(SQ_AM_PO_LANCA_HONORARIO.nextval, 1, 17, 5, '17/3/2014', 1, NULL);
INSERT INTO T_AM_PO_LANCA_HONORARIO VALUES(SQ_AM_PO_LANCA_HONORARIO.nextval, 1, 17, 5, '5/9/2014', 6, NULL);
INSERT INTO T_AM_PO_LANCA_HONORARIO VALUES(SQ_AM_PO_LANCA_HONORARIO.nextval, 1, 17, 5, '11/9/2014', 5, NULL);
INSERT INTO T_AM_PO_LANCA_HONORARIO VALUES(SQ_AM_PO_LANCA_HONORARIO.nextval, 2, 17, 5, '7/11/2014', 2, NULL);
INSERT INTO T_AM_PO_LANCA_HONORARIO VALUES(SQ_AM_PO_LANCA_HONORARIO.nextval, 3, 17, 5, '22/10/2014', 3, NULL);
INSERT INTO T_AM_PO_LANCA_HONORARIO VALUES(SQ_AM_PO_LANCA_HONORARIO.nextval, 2, 17, 5, '23/9/2014', 1, NULL);
INSERT INTO T_AM_PO_LANCA_HONORARIO VALUES(SQ_AM_PO_LANCA_HONORARIO.nextval, 1, 17, 5, '26/4/2014', 1, NULL);
INSERT INTO T_AM_PO_LANCA_HONORARIO VALUES(SQ_AM_PO_LANCA_HONORARIO.nextval, 1, 17, 5, '9/10/2014', 5, NULL);
                                                                                  
INSERT INTO T_AM_PO_LANCA_HONORARIO VALUES(SQ_AM_PO_LANCA_HONORARIO.nextval, 3, 18, 5, '21/8/2014', 5, NULL);
INSERT INTO T_AM_PO_LANCA_HONORARIO VALUES(SQ_AM_PO_LANCA_HONORARIO.nextval, 2, 18, 5, '28/8/2014', 1, NULL);
INSERT INTO T_AM_PO_LANCA_HONORARIO VALUES(SQ_AM_PO_LANCA_HONORARIO.nextval, 3, 18, 5, '22/11/2014', 5, NULL);
INSERT INTO T_AM_PO_LANCA_HONORARIO VALUES(SQ_AM_PO_LANCA_HONORARIO.nextval, 3, 18, 5, '23/4/2014', 2, NULL);
INSERT INTO T_AM_PO_LANCA_HONORARIO VALUES(SQ_AM_PO_LANCA_HONORARIO.nextval, 2, 18, 5, '20/7/2014', 5, NULL);
INSERT INTO T_AM_PO_LANCA_HONORARIO VALUES(SQ_AM_PO_LANCA_HONORARIO.nextval, 1, 18, 5, '11/5/2014', 7, NULL);
INSERT INTO T_AM_PO_LANCA_HONORARIO VALUES(SQ_AM_PO_LANCA_HONORARIO.nextval, 1, 18, 5, '5/11/2014', 7, NULL);
INSERT INTO T_AM_PO_LANCA_HONORARIO VALUES(SQ_AM_PO_LANCA_HONORARIO.nextval, 2, 18, 5, '26/4/2014', 5, NULL);
INSERT INTO T_AM_PO_LANCA_HONORARIO VALUES(SQ_AM_PO_LANCA_HONORARIO.nextval, 1, 18, 5, '17/8/2014', 5, NULL);
INSERT INTO T_AM_PO_LANCA_HONORARIO VALUES(SQ_AM_PO_LANCA_HONORARIO.nextval, 2, 18, 5, '9/6/2014', 5, NULL);
                                                                                  
INSERT INTO T_AM_PO_LANCA_HONORARIO VALUES(SQ_AM_PO_LANCA_HONORARIO.nextval, 3, 19, 5, '25/11/2014', 6, NULL);
INSERT INTO T_AM_PO_LANCA_HONORARIO VALUES(SQ_AM_PO_LANCA_HONORARIO.nextval, 3, 19, 5, '22/9/2014', 5, NULL);
INSERT INTO T_AM_PO_LANCA_HONORARIO VALUES(SQ_AM_PO_LANCA_HONORARIO.nextval, 1, 19, 5, '20/9/2014', 4, NULL);
INSERT INTO T_AM_PO_LANCA_HONORARIO VALUES(SQ_AM_PO_LANCA_HONORARIO.nextval, 2, 19, 5, '17/4/2014', 7, NULL);
INSERT INTO T_AM_PO_LANCA_HONORARIO VALUES(SQ_AM_PO_LANCA_HONORARIO.nextval, 2, 19, 5, '13/11/2014', 3, NULL);
INSERT INTO T_AM_PO_LANCA_HONORARIO VALUES(SQ_AM_PO_LANCA_HONORARIO.nextval, 3, 19, 5, '15/5/2014', 2, NULL);
INSERT INTO T_AM_PO_LANCA_HONORARIO VALUES(SQ_AM_PO_LANCA_HONORARIO.nextval, 3, 19, 5, '25/7/2014', 4, NULL);
INSERT INTO T_AM_PO_LANCA_HONORARIO VALUES(SQ_AM_PO_LANCA_HONORARIO.nextval, 2, 19, 5, '27/9/2014', 6, NULL);
INSERT INTO T_AM_PO_LANCA_HONORARIO VALUES(SQ_AM_PO_LANCA_HONORARIO.nextval, 1, 19, 5, '24/7/2014', 7, NULL);
INSERT INTO T_AM_PO_LANCA_HONORARIO VALUES(SQ_AM_PO_LANCA_HONORARIO.nextval, 2, 19, 5, '21/8/2014', 1, NULL);
                                                                                  
INSERT INTO T_AM_PO_LANCA_HONORARIO VALUES(SQ_AM_PO_LANCA_HONORARIO.nextval, 1, 20, 5, '28/8/2014', 7, NULL);
INSERT INTO T_AM_PO_LANCA_HONORARIO VALUES(SQ_AM_PO_LANCA_HONORARIO.nextval, 3, 20, 5, '27/7/2014', 3, NULL);
INSERT INTO T_AM_PO_LANCA_HONORARIO VALUES(SQ_AM_PO_LANCA_HONORARIO.nextval, 2, 20, 5, '27/7/2014', 2, NULL);
INSERT INTO T_AM_PO_LANCA_HONORARIO VALUES(SQ_AM_PO_LANCA_HONORARIO.nextval, 3, 20, 5, '28/10/2014', 2, NULL);
INSERT INTO T_AM_PO_LANCA_HONORARIO VALUES(SQ_AM_PO_LANCA_HONORARIO.nextval, 1, 20, 5, '27/10/2014', 1, NULL);
INSERT INTO T_AM_PO_LANCA_HONORARIO VALUES(SQ_AM_PO_LANCA_HONORARIO.nextval, 2, 20, 5, '27/5/2014', 4, NULL);
INSERT INTO T_AM_PO_LANCA_HONORARIO VALUES(SQ_AM_PO_LANCA_HONORARIO.nextval, 2, 20, 5, '27/7/2014', 2, NULL);
INSERT INTO T_AM_PO_LANCA_HONORARIO VALUES(SQ_AM_PO_LANCA_HONORARIO.nextval, 2, 20, 5, '27/5/2014', 7, NULL);
INSERT INTO T_AM_PO_LANCA_HONORARIO VALUES(SQ_AM_PO_LANCA_HONORARIO.nextval, 1, 20, 5, '27/6/2014', 6, NULL);
INSERT INTO T_AM_PO_LANCA_HONORARIO VALUES(SQ_AM_PO_LANCA_HONORARIO.nextval, 3, 20, 5, '29/8/2014', 2, NULL);
                                                                                   
INSERT INTO T_AM_PO_LANCA_HONORARIO VALUES(SQ_AM_PO_LANCA_HONORARIO.nextval, 3, 21, 5, '8/2/2014', 5, NULL);
INSERT INTO T_AM_PO_LANCA_HONORARIO VALUES(SQ_AM_PO_LANCA_HONORARIO.nextval, 2, 21, 5, '13/3/2014', 6, NULL);
INSERT INTO T_AM_PO_LANCA_HONORARIO VALUES(SQ_AM_PO_LANCA_HONORARIO.nextval, 2, 21, 5, '5/8/2014', 1, NULL);
INSERT INTO T_AM_PO_LANCA_HONORARIO VALUES(SQ_AM_PO_LANCA_HONORARIO.nextval, 3, 21, 5, '5/3/2014', 7, NULL);
INSERT INTO T_AM_PO_LANCA_HONORARIO VALUES(SQ_AM_PO_LANCA_HONORARIO.nextval, 2, 21, 5, '13/8/2014', 1, NULL);
INSERT INTO T_AM_PO_LANCA_HONORARIO VALUES(SQ_AM_PO_LANCA_HONORARIO.nextval, 1, 21, 5, '24/4/2014', 1, NULL);
INSERT INTO T_AM_PO_LANCA_HONORARIO VALUES(SQ_AM_PO_LANCA_HONORARIO.nextval, 2, 21, 5, '23/8/2014', 4, NULL);
INSERT INTO T_AM_PO_LANCA_HONORARIO VALUES(SQ_AM_PO_LANCA_HONORARIO.nextval, 2, 21, 5, '11/4/2014', 4, NULL);
INSERT INTO T_AM_PO_LANCA_HONORARIO VALUES(SQ_AM_PO_LANCA_HONORARIO.nextval, 2, 21, 5, '22/11/2014', 4, NULL);
INSERT INTO T_AM_PO_LANCA_HONORARIO VALUES(SQ_AM_PO_LANCA_HONORARIO.nextval, 1, 21, 5, '19/10/2014', 3, NULL);
                                                                                  
INSERT INTO T_AM_PO_LANCA_HONORARIO VALUES(SQ_AM_PO_LANCA_HONORARIO.nextval, 1, 22, 5, '26/9/2014', 2, NULL);
INSERT INTO T_AM_PO_LANCA_HONORARIO VALUES(SQ_AM_PO_LANCA_HONORARIO.nextval, 3, 22, 5, '6/9/2014', 1, NULL);
INSERT INTO T_AM_PO_LANCA_HONORARIO VALUES(SQ_AM_PO_LANCA_HONORARIO.nextval, 3, 22, 5, '7/11/2014', 5, NULL);
INSERT INTO T_AM_PO_LANCA_HONORARIO VALUES(SQ_AM_PO_LANCA_HONORARIO.nextval, 2, 22, 5, '18/8/2014', 5, NULL);
INSERT INTO T_AM_PO_LANCA_HONORARIO VALUES(SQ_AM_PO_LANCA_HONORARIO.nextval, 1, 22, 5, '12/9/2014', 1, NULL);
INSERT INTO T_AM_PO_LANCA_HONORARIO VALUES(SQ_AM_PO_LANCA_HONORARIO.nextval, 3, 22, 5, '15/3/2014', 1, NULL);
INSERT INTO T_AM_PO_LANCA_HONORARIO VALUES(SQ_AM_PO_LANCA_HONORARIO.nextval, 1, 22, 5, '20/7/2014', 5, NULL);
INSERT INTO T_AM_PO_LANCA_HONORARIO VALUES(SQ_AM_PO_LANCA_HONORARIO.nextval, 2, 22, 5, '8/5/2014', 5, NULL);
INSERT INTO T_AM_PO_LANCA_HONORARIO VALUES(SQ_AM_PO_LANCA_HONORARIO.nextval, 3, 22, 5, '9/6/2014', 2, NULL);
INSERT INTO T_AM_PO_LANCA_HONORARIO VALUES(SQ_AM_PO_LANCA_HONORARIO.nextval, 3, 22, 5, '10/4/2014', 6, NULL);
                                                                                   
INSERT INTO T_AM_PO_LANCA_HONORARIO VALUES(SQ_AM_PO_LANCA_HONORARIO.nextval, 3, 23, 5, '6/6/2014', 3, NULL);
INSERT INTO T_AM_PO_LANCA_HONORARIO VALUES(SQ_AM_PO_LANCA_HONORARIO.nextval, 2, 23, 5, '26/8/2014', 1, NULL);
INSERT INTO T_AM_PO_LANCA_HONORARIO VALUES(SQ_AM_PO_LANCA_HONORARIO.nextval, 2, 23, 5, '12/5/2014', 5, NULL);
INSERT INTO T_AM_PO_LANCA_HONORARIO VALUES(SQ_AM_PO_LANCA_HONORARIO.nextval, 3, 23, 5, '23/7/2014', 5, NULL);
INSERT INTO T_AM_PO_LANCA_HONORARIO VALUES(SQ_AM_PO_LANCA_HONORARIO.nextval, 2, 23, 5, '4/4/2014', 6, NULL);
INSERT INTO T_AM_PO_LANCA_HONORARIO VALUES(SQ_AM_PO_LANCA_HONORARIO.nextval, 2, 23, 5, '9/11/2014', 1, NULL);
INSERT INTO T_AM_PO_LANCA_HONORARIO VALUES(SQ_AM_PO_LANCA_HONORARIO.nextval, 3, 23, 5, '10/10/2014', 2, NULL);
INSERT INTO T_AM_PO_LANCA_HONORARIO VALUES(SQ_AM_PO_LANCA_HONORARIO.nextval, 2, 23, 5, '17/8/2014', 7, NULL);
INSERT INTO T_AM_PO_LANCA_HONORARIO VALUES(SQ_AM_PO_LANCA_HONORARIO.nextval, 3, 23, 5, '9/10/2014', 4, NULL);
INSERT INTO T_AM_PO_LANCA_HONORARIO VALUES(SQ_AM_PO_LANCA_HONORARIO.nextval, 2, 23, 5, '25/11/2014', 6, NULL);
                                                                                   
INSERT INTO T_AM_PO_LANCA_HONORARIO VALUES(SQ_AM_PO_LANCA_HONORARIO.nextval, 2, 24, 5, '29/4/2014', 7, NULL);
INSERT INTO T_AM_PO_LANCA_HONORARIO VALUES(SQ_AM_PO_LANCA_HONORARIO.nextval, 1, 24, 5, '14/5/2014', 3, NULL);
INSERT INTO T_AM_PO_LANCA_HONORARIO VALUES(SQ_AM_PO_LANCA_HONORARIO.nextval, 1, 24, 5, '18/5/2014', 6, NULL);
INSERT INTO T_AM_PO_LANCA_HONORARIO VALUES(SQ_AM_PO_LANCA_HONORARIO.nextval, 2, 24, 5, '29/4/2014', 4, NULL);
INSERT INTO T_AM_PO_LANCA_HONORARIO VALUES(SQ_AM_PO_LANCA_HONORARIO.nextval, 1, 24, 5, '25/9/2014', 2, NULL);
INSERT INTO T_AM_PO_LANCA_HONORARIO VALUES(SQ_AM_PO_LANCA_HONORARIO.nextval, 1, 24, 5, '21/11/2014', 6, NULL);
INSERT INTO T_AM_PO_LANCA_HONORARIO VALUES(SQ_AM_PO_LANCA_HONORARIO.nextval, 1, 24, 5, '13/9/2014', 1, NULL);
INSERT INTO T_AM_PO_LANCA_HONORARIO VALUES(SQ_AM_PO_LANCA_HONORARIO.nextval, 3, 24, 5, '14/9/2014', 1, NULL);
INSERT INTO T_AM_PO_LANCA_HONORARIO VALUES(SQ_AM_PO_LANCA_HONORARIO.nextval, 1, 24, 5, '20/11/2014', 7, NULL);
INSERT INTO T_AM_PO_LANCA_HONORARIO VALUES(SQ_AM_PO_LANCA_HONORARIO.nextval, 3, 24, 5, '15/9/2014', 6, NULL);
                                                                                   
INSERT INTO T_AM_PO_LANCA_HONORARIO VALUES(SQ_AM_PO_LANCA_HONORARIO.nextval, 3, 25, 5, '28/7/2014', 4, NULL);
INSERT INTO T_AM_PO_LANCA_HONORARIO VALUES(SQ_AM_PO_LANCA_HONORARIO.nextval, 2, 25, 5, '28/5/2014', 6, NULL);
INSERT INTO T_AM_PO_LANCA_HONORARIO VALUES(SQ_AM_PO_LANCA_HONORARIO.nextval, 1, 25, 5, '28/9/2014', 2, NULL);
INSERT INTO T_AM_PO_LANCA_HONORARIO VALUES(SQ_AM_PO_LANCA_HONORARIO.nextval, 2, 25, 5, '27/10/2014', 5, NULL);
INSERT INTO T_AM_PO_LANCA_HONORARIO VALUES(SQ_AM_PO_LANCA_HONORARIO.nextval, 3, 25, 5, '29/11/2014', 5, NULL);
INSERT INTO T_AM_PO_LANCA_HONORARIO VALUES(SQ_AM_PO_LANCA_HONORARIO.nextval, 3, 25, 5, '29/9/2014', 4, NULL);
INSERT INTO T_AM_PO_LANCA_HONORARIO VALUES(SQ_AM_PO_LANCA_HONORARIO.nextval, 3, 25, 5, '27/9/2014', 4, NULL);
INSERT INTO T_AM_PO_LANCA_HONORARIO VALUES(SQ_AM_PO_LANCA_HONORARIO.nextval, 3, 25, 5, '27/7/2014', 2, NULL);
INSERT INTO T_AM_PO_LANCA_HONORARIO VALUES(SQ_AM_PO_LANCA_HONORARIO.nextval, 3, 25, 5, '29/8/2014', 2, NULL);
INSERT INTO T_AM_PO_LANCA_HONORARIO VALUES(SQ_AM_PO_LANCA_HONORARIO.nextval, 3, 25, 5, '27/11/2014', 5, NULL);


-- INSERINDO LANCAR_DESPESA             (    10 REGISTROS PARA CADA PROCESSO DE CADA CLIENTE     )
--NR_PROCESSO,CD_LANCAMENTO (  SQ_AM_PO_LANCA_DESPESA.nextval  ) ,CD_TIPO_DESPESA,DT_DESPESA,VL_DESPESA,DS_OBSERVACAO
INSERT INTO T_AM_PO_LANCA_DESPESA VALUES(1,SQ_AM_PO_LANCA_DESPESA.nextval, 1, '17/9/2014', 55.35, NULL);
INSERT INTO T_AM_PO_LANCA_DESPESA VALUES(1,SQ_AM_PO_LANCA_DESPESA.nextval, 5, '24/10/2014', 9.93, NULL);
INSERT INTO T_AM_PO_LANCA_DESPESA VALUES(1,SQ_AM_PO_LANCA_DESPESA.nextval, 1, '15/10/2014', 26.61, NULL);
INSERT INTO T_AM_PO_LANCA_DESPESA VALUES(1,SQ_AM_PO_LANCA_DESPESA.nextval, 2, '18/6/2014', 73.89, NULL);
INSERT INTO T_AM_PO_LANCA_DESPESA VALUES(1,SQ_AM_PO_LANCA_DESPESA.nextval, 2, '19/6/2014', 47.30, NULL);
INSERT INTO T_AM_PO_LANCA_DESPESA VALUES(1,SQ_AM_PO_LANCA_DESPESA.nextval, 1, '1/1/2014', 37.81, NULL);
INSERT INTO T_AM_PO_LANCA_DESPESA VALUES(1,SQ_AM_PO_LANCA_DESPESA.nextval, 5, '24/8/2014', 24.02, NULL);
INSERT INTO T_AM_PO_LANCA_DESPESA VALUES(1,SQ_AM_PO_LANCA_DESPESA.nextval, 4, '22/6/2014', 61.59, NULL);
INSERT INTO T_AM_PO_LANCA_DESPESA VALUES(1,SQ_AM_PO_LANCA_DESPESA.nextval, 3, '27/6/2014', 76.13, NULL);
INSERT INTO T_AM_PO_LANCA_DESPESA VALUES(1,SQ_AM_PO_LANCA_DESPESA.nextval, 5, '14/2/2014', 38.97, NULL);

INSERT INTO T_AM_PO_LANCA_DESPESA VALUES(2,SQ_AM_PO_LANCA_DESPESA.nextval, 2, '9/2/2014', 30.80, NULL);
INSERT INTO T_AM_PO_LANCA_DESPESA VALUES(2,SQ_AM_PO_LANCA_DESPESA.nextval, 3, '5/3/2014', 11.74, NULL);
INSERT INTO T_AM_PO_LANCA_DESPESA VALUES(2,SQ_AM_PO_LANCA_DESPESA.nextval, 1, '10/2/2014', 48.78, NULL);
INSERT INTO T_AM_PO_LANCA_DESPESA VALUES(2,SQ_AM_PO_LANCA_DESPESA.nextval, 3, '6/7/2014', 10.93, NULL);
INSERT INTO T_AM_PO_LANCA_DESPESA VALUES(2,SQ_AM_PO_LANCA_DESPESA.nextval, 3, '16/6/2014', 5.32, NULL);
INSERT INTO T_AM_PO_LANCA_DESPESA VALUES(2,SQ_AM_PO_LANCA_DESPESA.nextval, 2, '6/11/2014', 35.67, NULL);
INSERT INTO T_AM_PO_LANCA_DESPESA VALUES(2,SQ_AM_PO_LANCA_DESPESA.nextval, 4, '17/6/2014', 76.58, NULL);
INSERT INTO T_AM_PO_LANCA_DESPESA VALUES(2,SQ_AM_PO_LANCA_DESPESA.nextval, 5, '18/9/2014', 89.19, NULL);
INSERT INTO T_AM_PO_LANCA_DESPESA VALUES(2,SQ_AM_PO_LANCA_DESPESA.nextval, 2, '16/11/2014', 36.24, NULL);
INSERT INTO T_AM_PO_LANCA_DESPESA VALUES(2,SQ_AM_PO_LANCA_DESPESA.nextval, 2, '29/5/2014', 66.02, NULL);

INSERT INTO T_AM_PO_LANCA_DESPESA VALUES(3,SQ_AM_PO_LANCA_DESPESA.nextval, 3, '15/10/2014', 25.53, NULL);
INSERT INTO T_AM_PO_LANCA_DESPESA VALUES(3,SQ_AM_PO_LANCA_DESPESA.nextval, 5, '5/3/2014', 69.09, NULL);
INSERT INTO T_AM_PO_LANCA_DESPESA VALUES(3,SQ_AM_PO_LANCA_DESPESA.nextval, 4, '21/10/2014', 56.69, NULL);
INSERT INTO T_AM_PO_LANCA_DESPESA VALUES(3,SQ_AM_PO_LANCA_DESPESA.nextval, 4, '19/9/2014', 56.49, NULL);
INSERT INTO T_AM_PO_LANCA_DESPESA VALUES(3,SQ_AM_PO_LANCA_DESPESA.nextval, 2, '5/7/2014', 21.51, NULL);
INSERT INTO T_AM_PO_LANCA_DESPESA VALUES(3,SQ_AM_PO_LANCA_DESPESA.nextval, 3, '21/8/2014', 31.27, NULL);
INSERT INTO T_AM_PO_LANCA_DESPESA VALUES(3,SQ_AM_PO_LANCA_DESPESA.nextval, 1, '23/4/2014', 77.37, NULL);
INSERT INTO T_AM_PO_LANCA_DESPESA VALUES(3,SQ_AM_PO_LANCA_DESPESA.nextval, 3, '16/10/2014', 92.69, NULL);
INSERT INTO T_AM_PO_LANCA_DESPESA VALUES(3,SQ_AM_PO_LANCA_DESPESA.nextval, 5, '25/5/2014', 5.41, NULL);
INSERT INTO T_AM_PO_LANCA_DESPESA VALUES(3,SQ_AM_PO_LANCA_DESPESA.nextval, 2, '19/10/2014', 67.85, NULL);

INSERT INTO T_AM_PO_LANCA_DESPESA VALUES(4,SQ_AM_PO_LANCA_DESPESA.nextval, 4, '21/8/2014', 12.02, NULL);
INSERT INTO T_AM_PO_LANCA_DESPESA VALUES(4,SQ_AM_PO_LANCA_DESPESA.nextval, 1, '28/7/2014', 21.52, NULL);
INSERT INTO T_AM_PO_LANCA_DESPESA VALUES(4,SQ_AM_PO_LANCA_DESPESA.nextval, 1, '25/11/2014', 35.02, NULL);
INSERT INTO T_AM_PO_LANCA_DESPESA VALUES(4,SQ_AM_PO_LANCA_DESPESA.nextval, 4, '14/9/2014', 73.74, NULL);
INSERT INTO T_AM_PO_LANCA_DESPESA VALUES(4,SQ_AM_PO_LANCA_DESPESA.nextval, 3, '28/6/2014', 73.01, NULL);
INSERT INTO T_AM_PO_LANCA_DESPESA VALUES(4,SQ_AM_PO_LANCA_DESPESA.nextval, 2, '25/8/2014', 26.35, NULL);
INSERT INTO T_AM_PO_LANCA_DESPESA VALUES(4,SQ_AM_PO_LANCA_DESPESA.nextval, 5, '15/11/2014', 5.11, NULL);
INSERT INTO T_AM_PO_LANCA_DESPESA VALUES(4,SQ_AM_PO_LANCA_DESPESA.nextval, 4, '13/7/2014', 37.58, NULL);
INSERT INTO T_AM_PO_LANCA_DESPESA VALUES(4,SQ_AM_PO_LANCA_DESPESA.nextval, 4, '25/8/2014', 76.50, NULL);
INSERT INTO T_AM_PO_LANCA_DESPESA VALUES(4,SQ_AM_PO_LANCA_DESPESA.nextval, 5, '29/10/2014', 87.39, NULL);

INSERT INTO T_AM_PO_LANCA_DESPESA VALUES(5,SQ_AM_PO_LANCA_DESPESA.nextval, 2, '28/9/2014', 33.28, NULL);
INSERT INTO T_AM_PO_LANCA_DESPESA VALUES(5,SQ_AM_PO_LANCA_DESPESA.nextval, 3, '29/11/2014', 25.58, NULL);
INSERT INTO T_AM_PO_LANCA_DESPESA VALUES(5,SQ_AM_PO_LANCA_DESPESA.nextval, 2, '27/11/2014', 55.75, NULL);
INSERT INTO T_AM_PO_LANCA_DESPESA VALUES(5,SQ_AM_PO_LANCA_DESPESA.nextval, 5, '29/9/2014', 75.96, NULL);
INSERT INTO T_AM_PO_LANCA_DESPESA VALUES(5,SQ_AM_PO_LANCA_DESPESA.nextval, 1, '28/9/2014', 52.52, NULL);
INSERT INTO T_AM_PO_LANCA_DESPESA VALUES(5,SQ_AM_PO_LANCA_DESPESA.nextval, 4, '29/6/2014', 74.72, NULL);
INSERT INTO T_AM_PO_LANCA_DESPESA VALUES(5,SQ_AM_PO_LANCA_DESPESA.nextval, 1, '28/10/2014', 18.00, NULL);
INSERT INTO T_AM_PO_LANCA_DESPESA VALUES(5,SQ_AM_PO_LANCA_DESPESA.nextval, 1, '27/9/2014', 68.68, NULL);
INSERT INTO T_AM_PO_LANCA_DESPESA VALUES(5,SQ_AM_PO_LANCA_DESPESA.nextval, 5, '29/8/2014', 34.53, NULL);
INSERT INTO T_AM_PO_LANCA_DESPESA VALUES(5,SQ_AM_PO_LANCA_DESPESA.nextval, 3, '27/8/2014', 16.35, NULL);

INSERT INTO T_AM_PO_LANCA_DESPESA VALUES(6,SQ_AM_PO_LANCA_DESPESA.nextval, 1, '27/3/2014', 89.41, NULL);
INSERT INTO T_AM_PO_LANCA_DESPESA VALUES(6,SQ_AM_PO_LANCA_DESPESA.nextval, 5, '22/3/2014', 71.60, NULL);
INSERT INTO T_AM_PO_LANCA_DESPESA VALUES(6,SQ_AM_PO_LANCA_DESPESA.nextval, 1, '26/8/2014', 11.50, NULL);
INSERT INTO T_AM_PO_LANCA_DESPESA VALUES(6,SQ_AM_PO_LANCA_DESPESA.nextval, 2, '9/2/2014', 40.63, NULL);
INSERT INTO T_AM_PO_LANCA_DESPESA VALUES(6,SQ_AM_PO_LANCA_DESPESA.nextval, 3, '26/2/2014', 31.23, NULL);
INSERT INTO T_AM_PO_LANCA_DESPESA VALUES(6,SQ_AM_PO_LANCA_DESPESA.nextval, 4, '11/10/2014', 75.40, NULL);
INSERT INTO T_AM_PO_LANCA_DESPESA VALUES(6,SQ_AM_PO_LANCA_DESPESA.nextval, 3, '22/7/2014', 85.74, NULL);
INSERT INTO T_AM_PO_LANCA_DESPESA VALUES(6,SQ_AM_PO_LANCA_DESPESA.nextval, 4, '1/7/2014', 67.14, NULL);
INSERT INTO T_AM_PO_LANCA_DESPESA VALUES(6,SQ_AM_PO_LANCA_DESPESA.nextval, 2, '27/9/2014', 52.03, NULL);
INSERT INTO T_AM_PO_LANCA_DESPESA VALUES(6,SQ_AM_PO_LANCA_DESPESA.nextval, 5, '9/2/2014', 60.88, NULL);

INSERT INTO T_AM_PO_LANCA_DESPESA VALUES(7,SQ_AM_PO_LANCA_DESPESA.nextval, 1, '18/11/2014', 84.13, NULL);
INSERT INTO T_AM_PO_LANCA_DESPESA VALUES(7,SQ_AM_PO_LANCA_DESPESA.nextval, 2, '17/11/2014', 67.51, NULL);
INSERT INTO T_AM_PO_LANCA_DESPESA VALUES(7,SQ_AM_PO_LANCA_DESPESA.nextval, 4, '13/6/2014', 80.91, NULL);
INSERT INTO T_AM_PO_LANCA_DESPESA VALUES(7,SQ_AM_PO_LANCA_DESPESA.nextval, 1, '23/7/2014', 74.42, NULL);
INSERT INTO T_AM_PO_LANCA_DESPESA VALUES(7,SQ_AM_PO_LANCA_DESPESA.nextval, 1, '7/2/2014', 67.50, NULL);
INSERT INTO T_AM_PO_LANCA_DESPESA VALUES(7,SQ_AM_PO_LANCA_DESPESA.nextval, 4, '25/2/2014', 20.07, NULL);
INSERT INTO T_AM_PO_LANCA_DESPESA VALUES(7,SQ_AM_PO_LANCA_DESPESA.nextval, 3, '14/7/2014', 22.19, NULL);
INSERT INTO T_AM_PO_LANCA_DESPESA VALUES(7,SQ_AM_PO_LANCA_DESPESA.nextval, 2, '28/10/2014', 48.87, NULL);
INSERT INTO T_AM_PO_LANCA_DESPESA VALUES(7,SQ_AM_PO_LANCA_DESPESA.nextval, 4, '25/9/2014', 6.62, NULL);
INSERT INTO T_AM_PO_LANCA_DESPESA VALUES(7,SQ_AM_PO_LANCA_DESPESA.nextval, 4, '15/8/2014', 70.22, NULL);

INSERT INTO T_AM_PO_LANCA_DESPESA VALUES(8,SQ_AM_PO_LANCA_DESPESA.nextval, 5, '8/5/2014', 19.82, NULL);
INSERT INTO T_AM_PO_LANCA_DESPESA VALUES(8,SQ_AM_PO_LANCA_DESPESA.nextval, 4, '18/10/2014', 45.20, NULL);
INSERT INTO T_AM_PO_LANCA_DESPESA VALUES(8,SQ_AM_PO_LANCA_DESPESA.nextval, 5, '12/5/2014', 13.21, NULL);
INSERT INTO T_AM_PO_LANCA_DESPESA VALUES(8,SQ_AM_PO_LANCA_DESPESA.nextval, 4, '8/3/2014', 35.02, NULL);
INSERT INTO T_AM_PO_LANCA_DESPESA VALUES(8,SQ_AM_PO_LANCA_DESPESA.nextval, 5, '17/8/2014', 41.13, NULL);
INSERT INTO T_AM_PO_LANCA_DESPESA VALUES(8,SQ_AM_PO_LANCA_DESPESA.nextval, 1, '10/8/2014', 19.77, NULL);
INSERT INTO T_AM_PO_LANCA_DESPESA VALUES(8,SQ_AM_PO_LANCA_DESPESA.nextval, 1, '9/7/2014', 8.07, NULL);
INSERT INTO T_AM_PO_LANCA_DESPESA VALUES(8,SQ_AM_PO_LANCA_DESPESA.nextval, 3, '20/5/2014', 8.31, NULL);
INSERT INTO T_AM_PO_LANCA_DESPESA VALUES(8,SQ_AM_PO_LANCA_DESPESA.nextval, 1, '25/8/2014', 25.28, NULL);
INSERT INTO T_AM_PO_LANCA_DESPESA VALUES(8,SQ_AM_PO_LANCA_DESPESA.nextval, 4, '21/11/2014', 95.02, NULL);

INSERT INTO T_AM_PO_LANCA_DESPESA VALUES(9,SQ_AM_PO_LANCA_DESPESA.nextval, 5, '18/7/2014', 18.04, NULL);
INSERT INTO T_AM_PO_LANCA_DESPESA VALUES(9,SQ_AM_PO_LANCA_DESPESA.nextval, 1, '23/5/2014', 84.01, NULL);
INSERT INTO T_AM_PO_LANCA_DESPESA VALUES(9,SQ_AM_PO_LANCA_DESPESA.nextval, 1, '28/6/2014', 8.99, NULL);
INSERT INTO T_AM_PO_LANCA_DESPESA VALUES(9,SQ_AM_PO_LANCA_DESPESA.nextval, 3, '21/10/2014', 77.44, NULL);
INSERT INTO T_AM_PO_LANCA_DESPESA VALUES(9,SQ_AM_PO_LANCA_DESPESA.nextval, 2, '14/8/2014', 11.36, NULL);
INSERT INTO T_AM_PO_LANCA_DESPESA VALUES(9,SQ_AM_PO_LANCA_DESPESA.nextval, 4, '24/4/2014', 85.04, NULL);
INSERT INTO T_AM_PO_LANCA_DESPESA VALUES(9,SQ_AM_PO_LANCA_DESPESA.nextval, 3, '23/5/2014', 49.11, NULL);
INSERT INTO T_AM_PO_LANCA_DESPESA VALUES(9,SQ_AM_PO_LANCA_DESPESA.nextval, 2, '18/7/2014', 57.79, NULL);
INSERT INTO T_AM_PO_LANCA_DESPESA VALUES(9,SQ_AM_PO_LANCA_DESPESA.nextval, 5, '15/4/2014', 18.16, NULL);
INSERT INTO T_AM_PO_LANCA_DESPESA VALUES(9,SQ_AM_PO_LANCA_DESPESA.nextval, 4, '29/4/2014', 96.69, NULL);

INSERT INTO T_AM_PO_LANCA_DESPESA VALUES(10,SQ_AM_PO_LANCA_DESPESA.nextval, 5, '27/10/2014', 22.14, NULL);
INSERT INTO T_AM_PO_LANCA_DESPESA VALUES(10,SQ_AM_PO_LANCA_DESPESA.nextval, 4, '27/6/2014', 13.25, NULL);
INSERT INTO T_AM_PO_LANCA_DESPESA VALUES(10,SQ_AM_PO_LANCA_DESPESA.nextval, 2, '29/5/2014', 48.49, NULL);
INSERT INTO T_AM_PO_LANCA_DESPESA VALUES(10,SQ_AM_PO_LANCA_DESPESA.nextval, 2, '28/10/2014', 4.71, NULL);
INSERT INTO T_AM_PO_LANCA_DESPESA VALUES(10,SQ_AM_PO_LANCA_DESPESA.nextval, 4, '27/10/2014', 79.41, NULL);
INSERT INTO T_AM_PO_LANCA_DESPESA VALUES(10,SQ_AM_PO_LANCA_DESPESA.nextval, 2, '27/9/2014', 49.24, NULL);
INSERT INTO T_AM_PO_LANCA_DESPESA VALUES(10,SQ_AM_PO_LANCA_DESPESA.nextval, 3, '29/11/2014', 70.44, NULL);
INSERT INTO T_AM_PO_LANCA_DESPESA VALUES(10,SQ_AM_PO_LANCA_DESPESA.nextval, 4, '27/9/2014', 22.50, NULL);
INSERT INTO T_AM_PO_LANCA_DESPESA VALUES(10,SQ_AM_PO_LANCA_DESPESA.nextval, 1, '28/5/2014', 88.26, NULL);
INSERT INTO T_AM_PO_LANCA_DESPESA VALUES(10,SQ_AM_PO_LANCA_DESPESA.nextval, 4, '27/10/2014', 6.51, NULL);

INSERT INTO T_AM_PO_LANCA_DESPESA VALUES(11,SQ_AM_PO_LANCA_DESPESA.nextval, 1, '10/8/2014', 88.15, NULL);
INSERT INTO T_AM_PO_LANCA_DESPESA VALUES(11,SQ_AM_PO_LANCA_DESPESA.nextval, 2, '22/1/2014', 12.63, NULL);
INSERT INTO T_AM_PO_LANCA_DESPESA VALUES(11,SQ_AM_PO_LANCA_DESPESA.nextval, 2, '28/7/2014', 37.08, NULL);
INSERT INTO T_AM_PO_LANCA_DESPESA VALUES(11,SQ_AM_PO_LANCA_DESPESA.nextval, 4, '7/5/2014', 97.04, NULL);
INSERT INTO T_AM_PO_LANCA_DESPESA VALUES(11,SQ_AM_PO_LANCA_DESPESA.nextval, 3, '25/3/2014', 37.58, NULL);
INSERT INTO T_AM_PO_LANCA_DESPESA VALUES(11,SQ_AM_PO_LANCA_DESPESA.nextval, 5, '17/1/2014', 8.17, NULL);
INSERT INTO T_AM_PO_LANCA_DESPESA VALUES(11,SQ_AM_PO_LANCA_DESPESA.nextval, 1, '2/8/2014', 88.51, NULL);
INSERT INTO T_AM_PO_LANCA_DESPESA VALUES(11,SQ_AM_PO_LANCA_DESPESA.nextval, 3, '20/9/2014', 26.33, NULL);
INSERT INTO T_AM_PO_LANCA_DESPESA VALUES(11,SQ_AM_PO_LANCA_DESPESA.nextval, 3, '18/4/2014', 82.09, NULL);
INSERT INTO T_AM_PO_LANCA_DESPESA VALUES(11,SQ_AM_PO_LANCA_DESPESA.nextval, 3, '16/1/2014', 71.78, NULL);

INSERT INTO T_AM_PO_LANCA_DESPESA VALUES(12,SQ_AM_PO_LANCA_DESPESA.nextval, 1, '17/5/2014', 90.69, NULL);
INSERT INTO T_AM_PO_LANCA_DESPESA VALUES(12,SQ_AM_PO_LANCA_DESPESA.nextval, 1, '18/9/2014', 93.50, NULL);
INSERT INTO T_AM_PO_LANCA_DESPESA VALUES(12,SQ_AM_PO_LANCA_DESPESA.nextval, 1, '6/7/2014', 25.63, NULL);
INSERT INTO T_AM_PO_LANCA_DESPESA VALUES(12,SQ_AM_PO_LANCA_DESPESA.nextval, 2, '20/11/2014', 29.29, NULL);
INSERT INTO T_AM_PO_LANCA_DESPESA VALUES(12,SQ_AM_PO_LANCA_DESPESA.nextval, 3, '25/2/2014', 53.59, NULL);
INSERT INTO T_AM_PO_LANCA_DESPESA VALUES(12,SQ_AM_PO_LANCA_DESPESA.nextval, 2, '23/2/2014', 98.85, NULL);
INSERT INTO T_AM_PO_LANCA_DESPESA VALUES(12,SQ_AM_PO_LANCA_DESPESA.nextval, 1, '21/6/2014', 60.22, NULL);
INSERT INTO T_AM_PO_LANCA_DESPESA VALUES(12,SQ_AM_PO_LANCA_DESPESA.nextval, 2, '6/3/2014', 93.24, NULL);
INSERT INTO T_AM_PO_LANCA_DESPESA VALUES(12,SQ_AM_PO_LANCA_DESPESA.nextval, 3, '23/9/2014', 25.38, NULL);
INSERT INTO T_AM_PO_LANCA_DESPESA VALUES(12,SQ_AM_PO_LANCA_DESPESA.nextval, 3, '22/11/2014', 96.69, NULL);

INSERT INTO T_AM_PO_LANCA_DESPESA VALUES(13,SQ_AM_PO_LANCA_DESPESA.nextval, 4, '26/6/2014', 93.41, NULL);
INSERT INTO T_AM_PO_LANCA_DESPESA VALUES(13,SQ_AM_PO_LANCA_DESPESA.nextval, 2, '15/6/2014', 78.12, NULL);
INSERT INTO T_AM_PO_LANCA_DESPESA VALUES(13,SQ_AM_PO_LANCA_DESPESA.nextval, 2, '7/3/2014', 30.18, NULL);
INSERT INTO T_AM_PO_LANCA_DESPESA VALUES(13,SQ_AM_PO_LANCA_DESPESA.nextval, 3, '6/5/2014', 20.20, NULL);
INSERT INTO T_AM_PO_LANCA_DESPESA VALUES(13,SQ_AM_PO_LANCA_DESPESA.nextval, 5, '17/3/2014', 25.31, NULL);
INSERT INTO T_AM_PO_LANCA_DESPESA VALUES(13,SQ_AM_PO_LANCA_DESPESA.nextval, 3, '16/10/2014', 51.29, NULL);
INSERT INTO T_AM_PO_LANCA_DESPESA VALUES(13,SQ_AM_PO_LANCA_DESPESA.nextval, 5, '23/7/2014', 88.28, NULL);
INSERT INTO T_AM_PO_LANCA_DESPESA VALUES(13,SQ_AM_PO_LANCA_DESPESA.nextval, 2, '29/8/2014', 35.68, NULL);
INSERT INTO T_AM_PO_LANCA_DESPESA VALUES(13,SQ_AM_PO_LANCA_DESPESA.nextval, 4, '20/9/2014', 76.10, NULL);
INSERT INTO T_AM_PO_LANCA_DESPESA VALUES(13,SQ_AM_PO_LANCA_DESPESA.nextval, 2, '15/9/2014', 26.14, NULL);

INSERT INTO T_AM_PO_LANCA_DESPESA VALUES(14,SQ_AM_PO_LANCA_DESPESA.nextval, 4, '24/9/2014', 65.60, NULL);
INSERT INTO T_AM_PO_LANCA_DESPESA VALUES(14,SQ_AM_PO_LANCA_DESPESA.nextval, 1, '22/4/2014', 8.85, NULL);
INSERT INTO T_AM_PO_LANCA_DESPESA VALUES(14,SQ_AM_PO_LANCA_DESPESA.nextval, 5, '28/9/2014', 34.88, NULL);
INSERT INTO T_AM_PO_LANCA_DESPESA VALUES(14,SQ_AM_PO_LANCA_DESPESA.nextval, 1, '23/5/2014', 98.69, NULL);
INSERT INTO T_AM_PO_LANCA_DESPESA VALUES(14,SQ_AM_PO_LANCA_DESPESA.nextval, 4, '26/11/2014', 68.87, NULL);
INSERT INTO T_AM_PO_LANCA_DESPESA VALUES(14,SQ_AM_PO_LANCA_DESPESA.nextval, 2, '17/8/2014', 10.80, NULL);
INSERT INTO T_AM_PO_LANCA_DESPESA VALUES(14,SQ_AM_PO_LANCA_DESPESA.nextval, 2, '20/8/2014', 99.19, NULL);
INSERT INTO T_AM_PO_LANCA_DESPESA VALUES(14,SQ_AM_PO_LANCA_DESPESA.nextval, 5, '25/4/2014', 52.11, NULL);
INSERT INTO T_AM_PO_LANCA_DESPESA VALUES(14,SQ_AM_PO_LANCA_DESPESA.nextval, 1, '16/4/2014', 25.54, NULL);
INSERT INTO T_AM_PO_LANCA_DESPESA VALUES(14,SQ_AM_PO_LANCA_DESPESA.nextval, 1, '25/8/2014', 65.68, NULL);

INSERT INTO T_AM_PO_LANCA_DESPESA VALUES(15,SQ_AM_PO_LANCA_DESPESA.nextval, 3, '29/7/2014', 83.87, NULL);
INSERT INTO T_AM_PO_LANCA_DESPESA VALUES(15,SQ_AM_PO_LANCA_DESPESA.nextval, 3, '29/9/2014', 59.42, NULL);
INSERT INTO T_AM_PO_LANCA_DESPESA VALUES(15,SQ_AM_PO_LANCA_DESPESA.nextval, 3, '28/6/2014', 11.10, NULL);
INSERT INTO T_AM_PO_LANCA_DESPESA VALUES(15,SQ_AM_PO_LANCA_DESPESA.nextval, 1, '29/10/2014', 54.72, NULL);
INSERT INTO T_AM_PO_LANCA_DESPESA VALUES(15,SQ_AM_PO_LANCA_DESPESA.nextval, 2, '28/6/2014', 31.35, NULL);
INSERT INTO T_AM_PO_LANCA_DESPESA VALUES(15,SQ_AM_PO_LANCA_DESPESA.nextval, 1, '28/11/2014', 96.72, NULL);
INSERT INTO T_AM_PO_LANCA_DESPESA VALUES(15,SQ_AM_PO_LANCA_DESPESA.nextval, 3, '27/9/2014', 77.21, NULL);
INSERT INTO T_AM_PO_LANCA_DESPESA VALUES(15,SQ_AM_PO_LANCA_DESPESA.nextval, 5, '28/11/2014', 91.55, NULL);
INSERT INTO T_AM_PO_LANCA_DESPESA VALUES(15,SQ_AM_PO_LANCA_DESPESA.nextval, 1, '27/5/2014', 73.52, NULL);
INSERT INTO T_AM_PO_LANCA_DESPESA VALUES(15,SQ_AM_PO_LANCA_DESPESA.nextval, 3, '28/5/2014', 38.25, NULL);

INSERT INTO T_AM_PO_LANCA_DESPESA VALUES(16,SQ_AM_PO_LANCA_DESPESA.nextval, 1, '12/4/2014', 2.11, NULL);
INSERT INTO T_AM_PO_LANCA_DESPESA VALUES(16,SQ_AM_PO_LANCA_DESPESA.nextval, 1, '26/9/2014', 5.91, NULL);
INSERT INTO T_AM_PO_LANCA_DESPESA VALUES(16,SQ_AM_PO_LANCA_DESPESA.nextval, 4, '26/2/2014', 24.99, NULL);
INSERT INTO T_AM_PO_LANCA_DESPESA VALUES(16,SQ_AM_PO_LANCA_DESPESA.nextval, 4, '26/1/2014', 20.47, NULL);
INSERT INTO T_AM_PO_LANCA_DESPESA VALUES(16,SQ_AM_PO_LANCA_DESPESA.nextval, 2, '14/11/2014', 62.76, NULL);
INSERT INTO T_AM_PO_LANCA_DESPESA VALUES(16,SQ_AM_PO_LANCA_DESPESA.nextval, 1, '12/7/2014', 7.82, NULL);
INSERT INTO T_AM_PO_LANCA_DESPESA VALUES(16,SQ_AM_PO_LANCA_DESPESA.nextval, 5, '19/7/2014', 97.32, NULL);
INSERT INTO T_AM_PO_LANCA_DESPESA VALUES(16,SQ_AM_PO_LANCA_DESPESA.nextval, 3, '10/1/2014', 23.05, NULL);
INSERT INTO T_AM_PO_LANCA_DESPESA VALUES(16,SQ_AM_PO_LANCA_DESPESA.nextval, 2, '1/4/2014', 49.87, NULL);
INSERT INTO T_AM_PO_LANCA_DESPESA VALUES(16,SQ_AM_PO_LANCA_DESPESA.nextval, 1, '7/7/2014', 32.08, NULL);

INSERT INTO T_AM_PO_LANCA_DESPESA VALUES(17,SQ_AM_PO_LANCA_DESPESA.nextval, 1, '18/2/2014', 60.11, NULL);
INSERT INTO T_AM_PO_LANCA_DESPESA VALUES(17,SQ_AM_PO_LANCA_DESPESA.nextval, 3, '20/11/2014', 90.87, NULL);
INSERT INTO T_AM_PO_LANCA_DESPESA VALUES(17,SQ_AM_PO_LANCA_DESPESA.nextval, 2, '14/5/2014', 31.25, NULL);
INSERT INTO T_AM_PO_LANCA_DESPESA VALUES(17,SQ_AM_PO_LANCA_DESPESA.nextval, 1, '25/11/2014', 15.54, NULL);
INSERT INTO T_AM_PO_LANCA_DESPESA VALUES(17,SQ_AM_PO_LANCA_DESPESA.nextval, 1, '28/9/2014', 88.27, NULL);
INSERT INTO T_AM_PO_LANCA_DESPESA VALUES(17,SQ_AM_PO_LANCA_DESPESA.nextval, 5, '21/8/2014', 52.19, NULL);
INSERT INTO T_AM_PO_LANCA_DESPESA VALUES(17,SQ_AM_PO_LANCA_DESPESA.nextval, 5, '6/5/2014', 12.49, NULL);
INSERT INTO T_AM_PO_LANCA_DESPESA VALUES(17,SQ_AM_PO_LANCA_DESPESA.nextval, 3, '27/7/2014', 26.85, NULL);
INSERT INTO T_AM_PO_LANCA_DESPESA VALUES(17,SQ_AM_PO_LANCA_DESPESA.nextval, 3, '27/8/2014', 18.12, NULL);
INSERT INTO T_AM_PO_LANCA_DESPESA VALUES(17,SQ_AM_PO_LANCA_DESPESA.nextval, 1, '17/7/2014', 66.19, NULL);

INSERT INTO T_AM_PO_LANCA_DESPESA VALUES(18,SQ_AM_PO_LANCA_DESPESA.nextval, 1, '26/3/2014', 2.63, NULL);
INSERT INTO T_AM_PO_LANCA_DESPESA VALUES(18,SQ_AM_PO_LANCA_DESPESA.nextval, 1, '7/11/2014', 30.14, NULL);
INSERT INTO T_AM_PO_LANCA_DESPESA VALUES(18,SQ_AM_PO_LANCA_DESPESA.nextval, 5, '3/5/2014', 94.83, NULL);
INSERT INTO T_AM_PO_LANCA_DESPESA VALUES(18,SQ_AM_PO_LANCA_DESPESA.nextval, 4, '20/6/2014', 48.57, NULL);
INSERT INTO T_AM_PO_LANCA_DESPESA VALUES(18,SQ_AM_PO_LANCA_DESPESA.nextval, 4, '9/8/2014', 35.87, NULL);
INSERT INTO T_AM_PO_LANCA_DESPESA VALUES(18,SQ_AM_PO_LANCA_DESPESA.nextval, 5, '16/3/2014', 69.25, NULL);
INSERT INTO T_AM_PO_LANCA_DESPESA VALUES(18,SQ_AM_PO_LANCA_DESPESA.nextval, 3, '4/4/2014', 51.77, NULL);
INSERT INTO T_AM_PO_LANCA_DESPESA VALUES(18,SQ_AM_PO_LANCA_DESPESA.nextval, 4, '22/6/2014', 70.82, NULL);
INSERT INTO T_AM_PO_LANCA_DESPESA VALUES(18,SQ_AM_PO_LANCA_DESPESA.nextval, 3, '15/3/2014', 90.57, NULL);
INSERT INTO T_AM_PO_LANCA_DESPESA VALUES(18,SQ_AM_PO_LANCA_DESPESA.nextval, 1, '24/10/2014', 86.17, NULL);

INSERT INTO T_AM_PO_LANCA_DESPESA VALUES(19,SQ_AM_PO_LANCA_DESPESA.nextval, 3, '21/8/2014', 2.90, NULL);
INSERT INTO T_AM_PO_LANCA_DESPESA VALUES(19,SQ_AM_PO_LANCA_DESPESA.nextval, 5, '26/7/2014', 12.35, NULL);
INSERT INTO T_AM_PO_LANCA_DESPESA VALUES(19,SQ_AM_PO_LANCA_DESPESA.nextval, 1, '22/7/2014', 64.91, NULL);
INSERT INTO T_AM_PO_LANCA_DESPESA VALUES(19,SQ_AM_PO_LANCA_DESPESA.nextval, 2, '17/9/2014', 26.23, NULL);
INSERT INTO T_AM_PO_LANCA_DESPESA VALUES(19,SQ_AM_PO_LANCA_DESPESA.nextval, 3, '21/8/2014', 19.24, NULL);
INSERT INTO T_AM_PO_LANCA_DESPESA VALUES(19,SQ_AM_PO_LANCA_DESPESA.nextval, 1, '15/11/2014', 82.89, NULL);
INSERT INTO T_AM_PO_LANCA_DESPESA VALUES(19,SQ_AM_PO_LANCA_DESPESA.nextval, 3, '29/11/2014', 40.68, NULL);
INSERT INTO T_AM_PO_LANCA_DESPESA VALUES(19,SQ_AM_PO_LANCA_DESPESA.nextval, 3, '21/8/2014', 36.52, NULL);
INSERT INTO T_AM_PO_LANCA_DESPESA VALUES(19,SQ_AM_PO_LANCA_DESPESA.nextval, 4, '17/8/2014', 16.95, NULL);
INSERT INTO T_AM_PO_LANCA_DESPESA VALUES(19,SQ_AM_PO_LANCA_DESPESA.nextval, 2, '26/9/2014', 4.34, NULL);

INSERT INTO T_AM_PO_LANCA_DESPESA VALUES(20,SQ_AM_PO_LANCA_DESPESA.nextval, 1, '28/6/2014', 95.09, NULL);
INSERT INTO T_AM_PO_LANCA_DESPESA VALUES(20,SQ_AM_PO_LANCA_DESPESA.nextval, 5, '29/6/2014', 88.99, NULL);
INSERT INTO T_AM_PO_LANCA_DESPESA VALUES(20,SQ_AM_PO_LANCA_DESPESA.nextval, 1, '28/11/2014', 24.12, NULL);
INSERT INTO T_AM_PO_LANCA_DESPESA VALUES(20,SQ_AM_PO_LANCA_DESPESA.nextval, 3, '27/10/2014', 0.36, NULL);
INSERT INTO T_AM_PO_LANCA_DESPESA VALUES(20,SQ_AM_PO_LANCA_DESPESA.nextval, 2, '28/10/2014', 41.39, NULL);
INSERT INTO T_AM_PO_LANCA_DESPESA VALUES(20,SQ_AM_PO_LANCA_DESPESA.nextval, 5, '28/11/2014', 76.96, NULL);
INSERT INTO T_AM_PO_LANCA_DESPESA VALUES(20,SQ_AM_PO_LANCA_DESPESA.nextval, 4, '28/10/2014', 56.87, NULL);
INSERT INTO T_AM_PO_LANCA_DESPESA VALUES(20,SQ_AM_PO_LANCA_DESPESA.nextval, 2, '28/5/2014', 49.23, NULL);
INSERT INTO T_AM_PO_LANCA_DESPESA VALUES(20,SQ_AM_PO_LANCA_DESPESA.nextval, 2, '29/9/2014', 73.24, NULL);
INSERT INTO T_AM_PO_LANCA_DESPESA VALUES(20,SQ_AM_PO_LANCA_DESPESA.nextval, 2, '28/9/2014', 71.55, NULL);

INSERT INTO T_AM_PO_LANCA_DESPESA VALUES(21,SQ_AM_PO_LANCA_DESPESA.nextval, 4, '8/2/2014', 68.93, NULL);
INSERT INTO T_AM_PO_LANCA_DESPESA VALUES(21,SQ_AM_PO_LANCA_DESPESA.nextval, 2, '7/10/2014', 78.96, NULL);
INSERT INTO T_AM_PO_LANCA_DESPESA VALUES(21,SQ_AM_PO_LANCA_DESPESA.nextval, 4, '16/5/2014', 25.34, NULL);
INSERT INTO T_AM_PO_LANCA_DESPESA VALUES(21,SQ_AM_PO_LANCA_DESPESA.nextval, 3, '12/11/2014', 37.91, NULL);
INSERT INTO T_AM_PO_LANCA_DESPESA VALUES(21,SQ_AM_PO_LANCA_DESPESA.nextval, 4, '22/5/2014', 72.32, NULL);
INSERT INTO T_AM_PO_LANCA_DESPESA VALUES(21,SQ_AM_PO_LANCA_DESPESA.nextval, 5, '9/9/2014', 79.88, NULL);
INSERT INTO T_AM_PO_LANCA_DESPESA VALUES(21,SQ_AM_PO_LANCA_DESPESA.nextval, 2, '4/2/2014', 88.35, NULL);
INSERT INTO T_AM_PO_LANCA_DESPESA VALUES(21,SQ_AM_PO_LANCA_DESPESA.nextval, 4, '28/3/2014', 60.17, NULL);
INSERT INTO T_AM_PO_LANCA_DESPESA VALUES(21,SQ_AM_PO_LANCA_DESPESA.nextval, 2, '18/4/2014', 4.52, NULL);
INSERT INTO T_AM_PO_LANCA_DESPESA VALUES(21,SQ_AM_PO_LANCA_DESPESA.nextval, 5, '4/3/2014', 54.54, NULL);

INSERT INTO T_AM_PO_LANCA_DESPESA VALUES(22,SQ_AM_PO_LANCA_DESPESA.nextval, 3, '27/5/2014', 51.96, NULL);
INSERT INTO T_AM_PO_LANCA_DESPESA VALUES(22,SQ_AM_PO_LANCA_DESPESA.nextval, 1, '19/5/2014', 16.61, NULL);
INSERT INTO T_AM_PO_LANCA_DESPESA VALUES(22,SQ_AM_PO_LANCA_DESPESA.nextval, 4, '15/4/2014', 95.00, NULL);
INSERT INTO T_AM_PO_LANCA_DESPESA VALUES(22,SQ_AM_PO_LANCA_DESPESA.nextval, 2, '22/4/2014', 97.67, NULL);
INSERT INTO T_AM_PO_LANCA_DESPESA VALUES(22,SQ_AM_PO_LANCA_DESPESA.nextval, 3, '22/9/2014', 30.60, NULL);
INSERT INTO T_AM_PO_LANCA_DESPESA VALUES(22,SQ_AM_PO_LANCA_DESPESA.nextval, 4, '13/9/2014', 68.73, NULL);
INSERT INTO T_AM_PO_LANCA_DESPESA VALUES(22,SQ_AM_PO_LANCA_DESPESA.nextval, 3, '28/3/2014', 68.56, NULL);
INSERT INTO T_AM_PO_LANCA_DESPESA VALUES(22,SQ_AM_PO_LANCA_DESPESA.nextval, 5, '11/8/2014', 36.11, NULL);
INSERT INTO T_AM_PO_LANCA_DESPESA VALUES(22,SQ_AM_PO_LANCA_DESPESA.nextval, 1, '12/4/2014', 7.22, NULL);
INSERT INTO T_AM_PO_LANCA_DESPESA VALUES(22,SQ_AM_PO_LANCA_DESPESA.nextval, 1, '21/6/2014', 77.46, NULL);

INSERT INTO T_AM_PO_LANCA_DESPESA VALUES(23,SQ_AM_PO_LANCA_DESPESA.nextval, 4, '23/10/2014', 37.93, NULL);
INSERT INTO T_AM_PO_LANCA_DESPESA VALUES(23,SQ_AM_PO_LANCA_DESPESA.nextval, 4, '9/8/2014', 24.68, NULL);
INSERT INTO T_AM_PO_LANCA_DESPESA VALUES(23,SQ_AM_PO_LANCA_DESPESA.nextval, 5, '27/5/2014', 99.19, NULL);
INSERT INTO T_AM_PO_LANCA_DESPESA VALUES(23,SQ_AM_PO_LANCA_DESPESA.nextval, 1, '14/9/2014', 92.50, NULL);
INSERT INTO T_AM_PO_LANCA_DESPESA VALUES(23,SQ_AM_PO_LANCA_DESPESA.nextval, 1, '15/11/2014', 12.70, NULL);
INSERT INTO T_AM_PO_LANCA_DESPESA VALUES(23,SQ_AM_PO_LANCA_DESPESA.nextval, 1, '28/3/2014', 56.38, NULL);
INSERT INTO T_AM_PO_LANCA_DESPESA VALUES(23,SQ_AM_PO_LANCA_DESPESA.nextval, 5, '18/6/2014', 35.01, NULL);
INSERT INTO T_AM_PO_LANCA_DESPESA VALUES(23,SQ_AM_PO_LANCA_DESPESA.nextval, 4, '27/10/2014', 6.30, NULL);
INSERT INTO T_AM_PO_LANCA_DESPESA VALUES(23,SQ_AM_PO_LANCA_DESPESA.nextval, 4, '7/6/2014', 83.09, NULL);
INSERT INTO T_AM_PO_LANCA_DESPESA VALUES(23,SQ_AM_PO_LANCA_DESPESA.nextval, 4, '21/7/2014', 48.85, NULL);

INSERT INTO T_AM_PO_LANCA_DESPESA VALUES(24,SQ_AM_PO_LANCA_DESPESA.nextval, 2, '25/8/2014', 61.32, NULL);
INSERT INTO T_AM_PO_LANCA_DESPESA VALUES(24,SQ_AM_PO_LANCA_DESPESA.nextval, 1, '28/6/2014', 27.99, NULL);
INSERT INTO T_AM_PO_LANCA_DESPESA VALUES(24,SQ_AM_PO_LANCA_DESPESA.nextval, 2, '14/9/2014', 76.89, NULL);
INSERT INTO T_AM_PO_LANCA_DESPESA VALUES(24,SQ_AM_PO_LANCA_DESPESA.nextval, 2, '13/4/2014', 62.12, NULL);
INSERT INTO T_AM_PO_LANCA_DESPESA VALUES(24,SQ_AM_PO_LANCA_DESPESA.nextval, 5, '27/11/2014', 94.81, NULL);
INSERT INTO T_AM_PO_LANCA_DESPESA VALUES(24,SQ_AM_PO_LANCA_DESPESA.nextval, 3, '20/11/2014', 79.19, NULL);
INSERT INTO T_AM_PO_LANCA_DESPESA VALUES(24,SQ_AM_PO_LANCA_DESPESA.nextval, 3, '16/11/2014', 8.97, NULL);
INSERT INTO T_AM_PO_LANCA_DESPESA VALUES(24,SQ_AM_PO_LANCA_DESPESA.nextval, 3, '28/11/2014', 32.88, NULL);
INSERT INTO T_AM_PO_LANCA_DESPESA VALUES(24,SQ_AM_PO_LANCA_DESPESA.nextval, 1, '15/8/2014', 97.61, NULL);
INSERT INTO T_AM_PO_LANCA_DESPESA VALUES(24,SQ_AM_PO_LANCA_DESPESA.nextval, 5, '28/7/2014', 48.69, NULL);

INSERT INTO T_AM_PO_LANCA_DESPESA VALUES(25,SQ_AM_PO_LANCA_DESPESA.nextval, 1, '28/10/2014', 13.88, NULL);
INSERT INTO T_AM_PO_LANCA_DESPESA VALUES(25,SQ_AM_PO_LANCA_DESPESA.nextval, 4, '27/7/2014', 85.18, NULL);
INSERT INTO T_AM_PO_LANCA_DESPESA VALUES(25,SQ_AM_PO_LANCA_DESPESA.nextval, 4, '28/9/2014', 99.90, NULL);
INSERT INTO T_AM_PO_LANCA_DESPESA VALUES(25,SQ_AM_PO_LANCA_DESPESA.nextval, 3, '29/7/2014', 71.37, NULL);
INSERT INTO T_AM_PO_LANCA_DESPESA VALUES(25,SQ_AM_PO_LANCA_DESPESA.nextval, 2, '27/9/2014', 70.07, NULL);
INSERT INTO T_AM_PO_LANCA_DESPESA VALUES(25,SQ_AM_PO_LANCA_DESPESA.nextval, 4, '28/7/2014', 33.67, NULL);
INSERT INTO T_AM_PO_LANCA_DESPESA VALUES(25,SQ_AM_PO_LANCA_DESPESA.nextval, 4, '28/6/2014', 51.03, NULL);
INSERT INTO T_AM_PO_LANCA_DESPESA VALUES(25,SQ_AM_PO_LANCA_DESPESA.nextval, 4, '29/6/2014', 7.97, NULL);
INSERT INTO T_AM_PO_LANCA_DESPESA VALUES(25,SQ_AM_PO_LANCA_DESPESA.nextval, 1, '29/10/2014', 13.61, NULL);
INSERT INTO T_AM_PO_LANCA_DESPESA VALUES(25,SQ_AM_PO_LANCA_DESPESA.nextval, 3, '27/5/2014', 9.05, NULL);


commit;